test_id,isolation_level,implementation,num_clients,num_accounts,hotspot_size,hotspot_probability,distribution,transactions,aborts,throughput,abort_rate,distr_type
0,RC,promoted,200,18000,18000,0.5,"{'balance': 1, 'deposit_checking': 1, 'transact_saving': 1, 'amalgamate': 1, 'write_check': 1, 'go_premium': 1}",1961486,0,32691.43,0.00,zipfian
1,RC,promoted,200,18000,18000,0.5,"{'balance': 1, 'deposit_checking': 1, 'transact_saving': 1, 'amalgamate': 1, 'write_check': 1, 'go_premium': 1}",1968087,0,32801.45,0.00,zipfian
2,RC,promoted,200,18000,18000,0.5,"{'balance': 1, 'deposit_checking': 1, 'transact_saving': 1, 'amalgamate': 1, 'write_check': 1, 'go_premium': 1}",1987592,0,33126.53,0.00,zipfian
3,RC,promoted,200,18000,18000,0.5,"{'balance': 1, 'deposit_checking': 1, 'transact_saving': 1, 'amalgamate': 1, 'write_check': 1, 'go_premium': 1}",1949225,0,32487.08,0.00,zipfian
4,RC,promoted,200,18000,18000,0.5,"{'balance': 1, 'deposit_checking': 1, 'transact_saving': 1, 'amalgamate': 1, 'write_check': 1, 'go_premium': 1}",1959948,0,32665.80,0.00,zipfian
0,SI,original,200,18000,18000,0.5,"{'balance': 1, 'deposit_checking': 1, 'transact_saving': 1, 'amalgamate': 1, 'write_check': 1, 'go_premium': 1}",2044510,38162,34075.17,636.03,zipfian
1,SI,original,200,18000,18000,0.5,"{'balance': 1, 'deposit_checking': 1, 'transact_saving': 1, 'amalgamate': 1, 'write_check': 1, 'go_premium': 1}",1988835,36946,33147.25,615.77,zipfian
2,SI,original,200,18000,18000,0.5,"{'balance': 1, 'deposit_checking': 1, 'transact_saving': 1, 'amalgamate': 1, 'write_check': 1, 'go_premium': 1}",2034992,38065,33916.53,634.42,zipfian
3,SI,original,200,18000,18000,0.5,"{'balance': 1, 'deposit_checking': 1, 'transact_saving': 1, 'amalgamate': 1, 'write_check': 1, 'go_premium': 1}",2020321,37652,33672.02,627.53,zipfian
4,SI,original,200,18000,18000,0.5,"{'balance': 1, 'deposit_checking': 1, 'transact_saving': 1, 'amalgamate': 1, 'write_check': 1, 'go_premium': 1}",2029492,38353,33824.87,639.22,zipfian
0,SSI,original,200,18000,18000,0.5,"{'balance': 1, 'deposit_checking': 1, 'transact_saving': 1, 'amalgamate': 1, 'write_check': 1, 'go_premium': 1}",1917480,34077,31958.00,567.95,zipfian
1,SSI,original,200,18000,18000,0.5,"{'balance': 1, 'deposit_checking': 1, 'transact_saving': 1, 'amalgamate': 1, 'write_check': 1, 'go_premium': 1}",1956809,34910,32613.48,581.83,zipfian
2,SSI,original,200,18000,18000,0.5,"{'balance': 1, 'deposit_checking': 1, 'transact_saving': 1, 'amalgamate': 1, 'write_check': 1, 'go_premium': 1}",1950836,34437,32513.93,573.95,zipfian
3,SSI,original,200,18000,18000,0.5,"{'balance': 1, 'deposit_checking': 1, 'transact_saving': 1, 'amalgamate': 1, 'write_check': 1, 'go_premium': 1}",1945920,34205,32432.00,570.08,zipfian
4,SSI,original,200,18000,18000,0.5,"{'balance': 1, 'deposit_checking': 1, 'transact_saving': 1, 'amalgamate': 1, 'write_check': 1, 'go_premium': 1}",1937395,34580,32289.92,576.33,zipfian
0,RC,promoted,200,18000,18000,0.6,"{'balance': 1, 'deposit_checking': 1, 'transact_saving': 1, 'amalgamate': 1, 'write_check': 1, 'go_premium': 1}",1989604,0,33160.07,0.00,zipfian
1,RC,promoted,200,18000,18000,0.6,"{'balance': 1, 'deposit_checking': 1, 'transact_saving': 1, 'amalgamate': 1, 'write_check': 1, 'go_premium': 1}",1986993,0,33116.55,0.00,zipfian
2,RC,promoted,200,18000,18000,0.6,"{'balance': 1, 'deposit_checking': 1, 'transact_saving': 1, 'amalgamate': 1, 'write_check': 1, 'go_premium': 1}",1972020,1,32867.00,0.02,zipfian
3,RC,promoted,200,18000,18000,0.6,"{'balance': 1, 'deposit_checking': 1, 'transact_saving': 1, 'amalgamate': 1, 'write_check': 1, 'go_premium': 1}",1975852,0,32930.87,0.00,zipfian
4,RC,promoted,200,18000,18000,0.6,"{'balance': 1, 'deposit_checking': 1, 'transact_saving': 1, 'amalgamate': 1, 'write_check': 1, 'go_premium': 1}",1970978,0,32849.63,0.00,zipfian
0,SI,original,200,18000,18000,0.6,"{'balance': 1, 'deposit_checking': 1, 'transact_saving': 1, 'amalgamate': 1, 'write_check': 1, 'go_premium': 1}",1719412,217310,28656.87,3621.83,zipfian
1,SI,original,200,18000,18000,0.6,"{'balance': 1, 'deposit_checking': 1, 'transact_saving': 1, 'amalgamate': 1, 'write_check': 1, 'go_premium': 1}",1715264,217896,28587.73,3631.60,zipfian
2,SI,original,200,18000,18000,0.6,"{'balance': 1, 'deposit_checking': 1, 'transact_saving': 1, 'amalgamate': 1, 'write_check': 1, 'go_premium': 1}",1716471,217462,28607.85,3624.37,zipfian
3,SI,original,200,18000,18000,0.6,"{'balance': 1, 'deposit_checking': 1, 'transact_saving': 1, 'amalgamate': 1, 'write_check': 1, 'go_premium': 1}",1726201,207836,28770.02,3463.93,zipfian
4,SI,original,200,18000,18000,0.6,"{'balance': 1, 'deposit_checking': 1, 'transact_saving': 1, 'amalgamate': 1, 'write_check': 1, 'go_premium': 1}",1793267,229393,29887.78,3823.22,zipfian
0,SSI,original,200,18000,18000,0.6,"{'balance': 1, 'deposit_checking': 1, 'transact_saving': 1, 'amalgamate': 1, 'write_check': 1, 'go_premium': 1}",1652952,210130,27549.20,3502.17,zipfian
1,SSI,original,200,18000,18000,0.6,"{'balance': 1, 'deposit_checking': 1, 'transact_saving': 1, 'amalgamate': 1, 'write_check': 1, 'go_premium': 1}",1674866,210008,27914.43,3500.13,zipfian
2,SSI,original,200,18000,18000,0.6,"{'balance': 1, 'deposit_checking': 1, 'transact_saving': 1, 'amalgamate': 1, 'write_check': 1, 'go_premium': 1}",1646520,216923,27442.00,3615.38,zipfian
3,SSI,original,200,18000,18000,0.6,"{'balance': 1, 'deposit_checking': 1, 'transact_saving': 1, 'amalgamate': 1, 'write_check': 1, 'go_premium': 1}",1687211,204254,28120.18,3404.23,zipfian
4,SSI,original,200,18000,18000,0.6,"{'balance': 1, 'deposit_checking': 1, 'transact_saving': 1, 'amalgamate': 1, 'write_check': 1, 'go_premium': 1}",1692367,214064,28206.12,3567.73,zipfian
0,RC,promoted,200,18000,18000,0.7,"{'balance': 1, 'deposit_checking': 1, 'transact_saving': 1, 'amalgamate': 1, 'write_check': 1, 'go_premium': 1}",1674195,2,27903.25,0.03,zipfian
1,RC,promoted,200,18000,18000,0.7,"{'balance': 1, 'deposit_checking': 1, 'transact_saving': 1, 'amalgamate': 1, 'write_check': 1, 'go_premium': 1}",1629474,0,27157.90,0.00,zipfian
2,RC,promoted,200,18000,18000,0.7,"{'balance': 1, 'deposit_checking': 1, 'transact_saving': 1, 'amalgamate': 1, 'write_check': 1, 'go_premium': 1}",1667607,0,27793.45,0.00,zipfian
3,RC,promoted,200,18000,18000,0.7,"{'balance': 1, 'deposit_checking': 1, 'transact_saving': 1, 'amalgamate': 1, 'write_check': 1, 'go_premium': 1}",1638707,0,27311.78,0.00,zipfian
4,RC,promoted,200,18000,18000,0.7,"{'balance': 1, 'deposit_checking': 1, 'transact_saving': 1, 'amalgamate': 1, 'write_check': 1, 'go_premium': 1}",1654296,1,27571.60,0.02,zipfian
0,SI,original,200,18000,18000,0.7,"{'balance': 1, 'deposit_checking': 1, 'transact_saving': 1, 'amalgamate': 1, 'write_check': 1, 'go_premium': 1}",1272992,493116,21216.53,8218.60,zipfian
1,SI,original,200,18000,18000,0.7,"{'balance': 1, 'deposit_checking': 1, 'transact_saving': 1, 'amalgamate': 1, 'write_check': 1, 'go_premium': 1}",1282468,493691,21374.47,8228.18,zipfian
2,SI,original,200,18000,18000,0.7,"{'balance': 1, 'deposit_checking': 1, 'transact_saving': 1, 'amalgamate': 1, 'write_check': 1, 'go_premium': 1}",1244869,486074,20747.82,8101.23,zipfian
3,SI,original,200,18000,18000,0.7,"{'balance': 1, 'deposit_checking': 1, 'transact_saving': 1, 'amalgamate': 1, 'write_check': 1, 'go_premium': 1}",1287844,512275,21464.07,8537.92,zipfian
4,SI,original,200,18000,18000,0.7,"{'balance': 1, 'deposit_checking': 1, 'transact_saving': 1, 'amalgamate': 1, 'write_check': 1, 'go_premium': 1}",1249399,487929,20823.32,8132.15,zipfian
0,SSI,original,200,18000,18000,0.7,"{'balance': 1, 'deposit_checking': 1, 'transact_saving': 1, 'amalgamate': 1, 'write_check': 1, 'go_premium': 1}",1218457,467680,20307.62,7794.67,zipfian
1,SSI,original,200,18000,18000,0.7,"{'balance': 1, 'deposit_checking': 1, 'transact_saving': 1, 'amalgamate': 1, 'write_check': 1, 'go_premium': 1}",1219567,468807,20326.12,7813.45,zipfian
2,SSI,original,200,18000,18000,0.7,"{'balance': 1, 'deposit_checking': 1, 'transact_saving': 1, 'amalgamate': 1, 'write_check': 1, 'go_premium': 1}",1185164,463221,19752.73,7720.35,zipfian
3,SSI,original,200,18000,18000,0.7,"{'balance': 1, 'deposit_checking': 1, 'transact_saving': 1, 'amalgamate': 1, 'write_check': 1, 'go_premium': 1}",1205207,457844,20086.78,7630.73,zipfian
4,SSI,original,200,18000,18000,0.7,"{'balance': 1, 'deposit_checking': 1, 'transact_saving': 1, 'amalgamate': 1, 'write_check': 1, 'go_premium': 1}",1189173,450252,19819.55,7504.20,zipfian
0,RC,promoted,200,18000,18000,0.8,"{'balance': 1, 'deposit_checking': 1, 'transact_saving': 1, 'amalgamate': 1, 'write_check': 1, 'go_premium': 1}",1405092,2,23418.20,0.03,zipfian
1,RC,promoted,200,18000,18000,0.8,"{'balance': 1, 'deposit_checking': 1, 'transact_saving': 1, 'amalgamate': 1, 'write_check': 1, 'go_premium': 1}",1453190,2,24219.83,0.03,zipfian
2,RC,promoted,200,18000,18000,0.8,"{'balance': 1, 'deposit_checking': 1, 'transact_saving': 1, 'amalgamate': 1, 'write_check': 1, 'go_premium': 1}",1406413,2,23440.22,0.03,zipfian
3,RC,promoted,200,18000,18000,0.8,"{'balance': 1, 'deposit_checking': 1, 'transact_saving': 1, 'amalgamate': 1, 'write_check': 1, 'go_premium': 1}",1386698,2,23111.63,0.03,zipfian
4,RC,promoted,200,18000,18000,0.8,"{'balance': 1, 'deposit_checking': 1, 'transact_saving': 1, 'amalgamate': 1, 'write_check': 1, 'go_premium': 1}",1457464,1,24291.07,0.02,zipfian
0,SI,original,200,18000,18000,0.8,"{'balance': 1, 'deposit_checking': 1, 'transact_saving': 1, 'amalgamate': 1, 'write_check': 1, 'go_premium': 1}",932854,817547,15547.57,13625.78,zipfian
1,SI,original,200,18000,18000,0.8,"{'balance': 1, 'deposit_checking': 1, 'transact_saving': 1, 'amalgamate': 1, 'write_check': 1, 'go_premium': 1}",897022,732530,14950.37,12208.83,zipfian
2,SI,original,200,18000,18000,0.8,"{'balance': 1, 'deposit_checking': 1, 'transact_saving': 1, 'amalgamate': 1, 'write_check': 1, 'go_premium': 1}",921651,755843,15360.85,12597.38,zipfian
3,SI,original,200,18000,18000,0.8,"{'balance': 1, 'deposit_checking': 1, 'transact_saving': 1, 'amalgamate': 1, 'write_check': 1, 'go_premium': 1}",899937,741644,14998.95,12360.73,zipfian
4,SI,original,200,18000,18000,0.8,"{'balance': 1, 'deposit_checking': 1, 'transact_saving': 1, 'amalgamate': 1, 'write_check': 1, 'go_premium': 1}",933643,759689,15560.72,12661.48,zipfian
0,SSI,original,200,18000,18000,0.8,"{'balance': 1, 'deposit_checking': 1, 'transact_saving': 1, 'amalgamate': 1, 'write_check': 1, 'go_premium': 1}",832870,668528,13881.17,11142.13,zipfian
1,SSI,original,200,18000,18000,0.8,"{'balance': 1, 'deposit_checking': 1, 'transact_saving': 1, 'amalgamate': 1, 'write_check': 1, 'go_premium': 1}",893910,684673,14898.50,11411.22,zipfian
2,SSI,original,200,18000,18000,0.8,"{'balance': 1, 'deposit_checking': 1, 'transact_saving': 1, 'amalgamate': 1, 'write_check': 1, 'go_premium': 1}",861572,682227,14359.53,11370.45,zipfian
3,SSI,original,200,18000,18000,0.8,"{'balance': 1, 'deposit_checking': 1, 'transact_saving': 1, 'amalgamate': 1, 'write_check': 1, 'go_premium': 1}",875519,682075,14591.98,11367.92,zipfian
4,SSI,original,200,18000,18000,0.8,"{'balance': 1, 'deposit_checking': 1, 'transact_saving': 1, 'amalgamate': 1, 'write_check': 1, 'go_premium': 1}",856157,666228,14269.28,11103.80,zipfian
0,RC,promoted,200,18000,18000,0.9,"{'balance': 1, 'deposit_checking': 1, 'transact_saving': 1, 'amalgamate': 1, 'write_check': 1, 'go_premium': 1}",1036083,9,17268.05,0.15,zipfian
1,RC,promoted,200,18000,18000,0.9,"{'balance': 1, 'deposit_checking': 1, 'transact_saving': 1, 'amalgamate': 1, 'write_check': 1, 'go_premium': 1}",1037055,3,17284.25,0.05,zipfian
2,RC,promoted,200,18000,18000,0.9,"{'balance': 1, 'deposit_checking': 1, 'transact_saving': 1, 'amalgamate': 1, 'write_check': 1, 'go_premium': 1}",1058064,8,17634.40,0.13,zipfian
3,RC,promoted,200,18000,18000,0.9,"{'balance': 1, 'deposit_checking': 1, 'transact_saving': 1, 'amalgamate': 1, 'write_check': 1, 'go_premium': 1}",1046081,8,17434.68,0.13,zipfian
4,RC,promoted,200,18000,18000,0.9,"{'balance': 1, 'deposit_checking': 1, 'transact_saving': 1, 'amalgamate': 1, 'write_check': 1, 'go_premium': 1}",1060789,8,17679.82,0.13,zipfian
0,SI,original,200,18000,18000,0.9,"{'balance': 1, 'deposit_checking': 1, 'transact_saving': 1, 'amalgamate': 1, 'write_check': 1, 'go_premium': 1}",638715,955382,10645.25,15923.03,zipfian
1,SI,original,200,18000,18000,0.9,"{'balance': 1, 'deposit_checking': 1, 'transact_saving': 1, 'amalgamate': 1, 'write_check': 1, 'go_premium': 1}",633937,991488,10565.62,16524.80,zipfian
2,SI,original,200,18000,18000,0.9,"{'balance': 1, 'deposit_checking': 1, 'transact_saving': 1, 'amalgamate': 1, 'write_check': 1, 'go_premium': 1}",636056,976498,10600.93,16274.97,zipfian
3,SI,original,200,18000,18000,0.9,"{'balance': 1, 'deposit_checking': 1, 'transact_saving': 1, 'amalgamate': 1, 'write_check': 1, 'go_premium': 1}",645972,1014780,10766.20,16913.00,zipfian
4,SI,original,200,18000,18000,0.9,"{'balance': 1, 'deposit_checking': 1, 'transact_saving': 1, 'amalgamate': 1, 'write_check': 1, 'go_premium': 1}",641188,949381,10686.47,15823.02,zipfian
0,SSI,original,200,18000,18000,0.9,"{'balance': 1, 'deposit_checking': 1, 'transact_saving': 1, 'amalgamate': 1, 'write_check': 1, 'go_premium': 1}",622616,755453,10376.93,12590.88,zipfian
1,SSI,original,200,18000,18000,0.9,"{'balance': 1, 'deposit_checking': 1, 'transact_saving': 1, 'amalgamate': 1, 'write_check': 1, 'go_premium': 1}",609164,752725,10152.73,12545.42,zipfian
2,SSI,original,200,18000,18000,0.9,"{'balance': 1, 'deposit_checking': 1, 'transact_saving': 1, 'amalgamate': 1, 'write_check': 1, 'go_premium': 1}",607911,761097,10131.85,12684.95,zipfian
3,SSI,original,200,18000,18000,0.9,"{'balance': 1, 'deposit_checking': 1, 'transact_saving': 1, 'amalgamate': 1, 'write_check': 1, 'go_premium': 1}",612273,764705,10204.55,12745.08,zipfian
4,SSI,original,200,18000,18000,0.9,"{'balance': 1, 'deposit_checking': 1, 'transact_saving': 1, 'amalgamate': 1, 'write_check': 1, 'go_premium': 1}",602959,761996,10049.32,12699.93,zipfian
