test_id,isolation_level,implementation,num_clients,num_accounts,hotspot_size,hotspot_probability,distribution,transactions,aborts,throughput,abort_rate,distr_type
0,RC,original,200,18000,18000,0.5,"{'balance': 0, 'deposit_checking': 1, 'transact_saving': 1, 'amalgamate': 1, 'write_check': 0, 'go_premium': 0}",2194563,0,36576.05,0.00,zipfian
1,RC,original,200,18000,18000,0.5,"{'balance': 0, 'deposit_checking': 1, 'transact_saving': 1, 'amalgamate': 1, 'write_check': 0, 'go_premium': 0}",2273548,0,37892.47,0.00,zipfian
2,RC,original,200,18000,18000,0.5,"{'balance': 0, 'deposit_checking': 1, 'transact_saving': 1, 'amalgamate': 1, 'write_check': 0, 'go_premium': 0}",2236493,1,37274.88,0.02,zipfian
3,RC,original,200,18000,18000,0.5,"{'balance': 0, 'deposit_checking': 1, 'transact_saving': 1, 'amalgamate': 1, 'write_check': 0, 'go_premium': 0}",2253842,0,37564.03,0.00,zipfian
4,RC,original,200,18000,18000,0.5,"{'balance': 0, 'deposit_checking': 1, 'transact_saving': 1, 'amalgamate': 1, 'write_check': 0, 'go_premium': 0}",2229965,0,37166.08,0.00,zipfian
0,SI,original,200,18000,18000,0.5,"{'balance': 0, 'deposit_checking': 1, 'transact_saving': 1, 'amalgamate': 1, 'write_check': 0, 'go_premium': 0}",2118723,88271,35312.05,1471.18,zipfian
1,SI,original,200,18000,18000,0.5,"{'balance': 0, 'deposit_checking': 1, 'transact_saving': 1, 'amalgamate': 1, 'write_check': 0, 'go_premium': 0}",2146205,88583,35770.08,1476.38,zipfian
2,SI,original,200,18000,18000,0.5,"{'balance': 0, 'deposit_checking': 1, 'transact_saving': 1, 'amalgamate': 1, 'write_check': 0, 'go_premium': 0}",2187258,89163,36454.30,1486.05,zipfian
3,SI,original,200,18000,18000,0.5,"{'balance': 0, 'deposit_checking': 1, 'transact_saving': 1, 'amalgamate': 1, 'write_check': 0, 'go_premium': 0}",2131356,88048,35522.60,1467.47,zipfian
4,SI,original,200,18000,18000,0.5,"{'balance': 0, 'deposit_checking': 1, 'transact_saving': 1, 'amalgamate': 1, 'write_check': 0, 'go_premium': 0}",2163302,91656,36055.03,1527.60,zipfian
0,SSI,original,200,18000,18000,0.5,"{'balance': 0, 'deposit_checking': 1, 'transact_saving': 1, 'amalgamate': 1, 'write_check': 0, 'go_premium': 0}",2012212,78870,33536.87,1314.50,zipfian
1,SSI,original,200,18000,18000,0.5,"{'balance': 0, 'deposit_checking': 1, 'transact_saving': 1, 'amalgamate': 1, 'write_check': 0, 'go_premium': 0}",2048133,77052,34135.55,1284.20,zipfian
2,SSI,original,200,18000,18000,0.5,"{'balance': 0, 'deposit_checking': 1, 'transact_saving': 1, 'amalgamate': 1, 'write_check': 0, 'go_premium': 0}",2023040,75577,33717.33,1259.62,zipfian
3,SSI,original,200,18000,18000,0.5,"{'balance': 0, 'deposit_checking': 1, 'transact_saving': 1, 'amalgamate': 1, 'write_check': 0, 'go_premium': 0}",2023533,75459,33725.55,1257.65,zipfian
4,SSI,original,200,18000,18000,0.5,"{'balance': 0, 'deposit_checking': 1, 'transact_saving': 1, 'amalgamate': 1, 'write_check': 0, 'go_premium': 0}",2027159,74991,33785.98,1249.85,zipfian
0,RC,original,200,18000,18000,0.6,"{'balance': 0, 'deposit_checking': 1, 'transact_saving': 1, 'amalgamate': 1, 'write_check': 0, 'go_premium': 0}",2184994,0,36416.57,0.00,zipfian
1,RC,original,200,18000,18000,0.6,"{'balance': 0, 'deposit_checking': 1, 'transact_saving': 1, 'amalgamate': 1, 'write_check': 0, 'go_premium': 0}",2189361,0,36489.35,0.00,zipfian
2,RC,original,200,18000,18000,0.6,"{'balance': 0, 'deposit_checking': 1, 'transact_saving': 1, 'amalgamate': 1, 'write_check': 0, 'go_premium': 0}",2215804,3,36930.07,0.05,zipfian
3,RC,original,200,18000,18000,0.6,"{'balance': 0, 'deposit_checking': 1, 'transact_saving': 1, 'amalgamate': 1, 'write_check': 0, 'go_premium': 0}",2270883,0,37848.05,0.00,zipfian
4,RC,original,200,18000,18000,0.6,"{'balance': 0, 'deposit_checking': 1, 'transact_saving': 1, 'amalgamate': 1, 'write_check': 0, 'go_premium': 0}",2226181,0,37103.02,0.00,zipfian
0,SI,original,200,18000,18000,0.6,"{'balance': 0, 'deposit_checking': 1, 'transact_saving': 1, 'amalgamate': 1, 'write_check': 0, 'go_premium': 0}",1507643,587062,25127.38,9784.37,zipfian
1,SI,original,200,18000,18000,0.6,"{'balance': 0, 'deposit_checking': 1, 'transact_saving': 1, 'amalgamate': 1, 'write_check': 0, 'go_premium': 0}",1515838,608444,25263.97,10140.73,zipfian
2,SI,original,200,18000,18000,0.6,"{'balance': 0, 'deposit_checking': 1, 'transact_saving': 1, 'amalgamate': 1, 'write_check': 0, 'go_premium': 0}",1514875,573610,25247.92,9560.17,zipfian
3,SI,original,200,18000,18000,0.6,"{'balance': 0, 'deposit_checking': 1, 'transact_saving': 1, 'amalgamate': 1, 'write_check': 0, 'go_premium': 0}",1499278,579932,24987.97,9665.53,zipfian
4,SI,original,200,18000,18000,0.6,"{'balance': 0, 'deposit_checking': 1, 'transact_saving': 1, 'amalgamate': 1, 'write_check': 0, 'go_premium': 0}",1518066,611044,25301.10,10184.07,zipfian
0,SSI,original,200,18000,18000,0.6,"{'balance': 0, 'deposit_checking': 1, 'transact_saving': 1, 'amalgamate': 1, 'write_check': 0, 'go_premium': 0}",1516017,469390,25266.95,7823.17,zipfian
1,SSI,original,200,18000,18000,0.6,"{'balance': 0, 'deposit_checking': 1, 'transact_saving': 1, 'amalgamate': 1, 'write_check': 0, 'go_premium': 0}",1464218,463707,24403.63,7728.45,zipfian
2,SSI,original,200,18000,18000,0.6,"{'balance': 0, 'deposit_checking': 1, 'transact_saving': 1, 'amalgamate': 1, 'write_check': 0, 'go_premium': 0}",1492055,461935,24867.58,7698.92,zipfian
3,SSI,original,200,18000,18000,0.6,"{'balance': 0, 'deposit_checking': 1, 'transact_saving': 1, 'amalgamate': 1, 'write_check': 0, 'go_premium': 0}",1490834,458900,24847.23,7648.33,zipfian
4,SSI,original,200,18000,18000,0.6,"{'balance': 0, 'deposit_checking': 1, 'transact_saving': 1, 'amalgamate': 1, 'write_check': 0, 'go_premium': 0}",1496385,457697,24939.75,7628.28,zipfian
0,RC,original,200,18000,18000,0.7,"{'balance': 0, 'deposit_checking': 1, 'transact_saving': 1, 'amalgamate': 1, 'write_check': 0, 'go_premium': 0}",2136547,7,35609.12,0.12,zipfian
1,RC,original,200,18000,18000,0.7,"{'balance': 0, 'deposit_checking': 1, 'transact_saving': 1, 'amalgamate': 1, 'write_check': 0, 'go_premium': 0}",2050229,9,34170.48,0.15,zipfian
2,RC,original,200,18000,18000,0.7,"{'balance': 0, 'deposit_checking': 1, 'transact_saving': 1, 'amalgamate': 1, 'write_check': 0, 'go_premium': 0}",2084703,3,34745.05,0.05,zipfian
3,RC,original,200,18000,18000,0.7,"{'balance': 0, 'deposit_checking': 1, 'transact_saving': 1, 'amalgamate': 1, 'write_check': 0, 'go_premium': 0}",2097281,7,34954.68,0.12,zipfian
4,RC,original,200,18000,18000,0.7,"{'balance': 0, 'deposit_checking': 1, 'transact_saving': 1, 'amalgamate': 1, 'write_check': 0, 'go_premium': 0}",2186134,0,36435.57,0.00,zipfian
0,SI,original,200,18000,18000,0.7,"{'balance': 0, 'deposit_checking': 1, 'transact_saving': 1, 'amalgamate': 1, 'write_check': 0, 'go_premium': 0}",895315,1028926,14921.92,17148.77,zipfian
1,SI,original,200,18000,18000,0.7,"{'balance': 0, 'deposit_checking': 1, 'transact_saving': 1, 'amalgamate': 1, 'write_check': 0, 'go_premium': 0}",884700,1014933,14745.00,16915.55,zipfian
2,SI,original,200,18000,18000,0.7,"{'balance': 0, 'deposit_checking': 1, 'transact_saving': 1, 'amalgamate': 1, 'write_check': 0, 'go_premium': 0}",885068,1013082,14751.13,16884.70,zipfian
3,SI,original,200,18000,18000,0.7,"{'balance': 0, 'deposit_checking': 1, 'transact_saving': 1, 'amalgamate': 1, 'write_check': 0, 'go_premium': 0}",885190,1013619,14753.17,16893.65,zipfian
4,SI,original,200,18000,18000,0.7,"{'balance': 0, 'deposit_checking': 1, 'transact_saving': 1, 'amalgamate': 1, 'write_check': 0, 'go_premium': 0}",895136,1014160,14918.93,16902.67,zipfian
0,SSI,original,200,18000,18000,0.7,"{'balance': 0, 'deposit_checking': 1, 'transact_saving': 1, 'amalgamate': 1, 'write_check': 0, 'go_premium': 0}",886918,929606,14781.97,15493.43,zipfian
1,SSI,original,200,18000,18000,0.7,"{'balance': 0, 'deposit_checking': 1, 'transact_saving': 1, 'amalgamate': 1, 'write_check': 0, 'go_premium': 0}",915760,931069,15262.67,15517.82,zipfian
2,SSI,original,200,18000,18000,0.7,"{'balance': 0, 'deposit_checking': 1, 'transact_saving': 1, 'amalgamate': 1, 'write_check': 0, 'go_premium': 0}",943645,956946,15727.42,15949.10,zipfian
3,SSI,original,200,18000,18000,0.7,"{'balance': 0, 'deposit_checking': 1, 'transact_saving': 1, 'amalgamate': 1, 'write_check': 0, 'go_premium': 0}",884802,903096,14746.70,15051.60,zipfian
4,SSI,original,200,18000,18000,0.7,"{'balance': 0, 'deposit_checking': 1, 'transact_saving': 1, 'amalgamate': 1, 'write_check': 0, 'go_premium': 0}",891069,920902,14851.15,15348.37,zipfian
0,RC,original,200,18000,18000,0.8,"{'balance': 0, 'deposit_checking': 1, 'transact_saving': 1, 'amalgamate': 1, 'write_check': 0, 'go_premium': 0}",1732623,94,28877.05,1.57,zipfian
1,RC,original,200,18000,18000,0.8,"{'balance': 0, 'deposit_checking': 1, 'transact_saving': 1, 'amalgamate': 1, 'write_check': 0, 'go_premium': 0}",1771860,75,29531.00,1.25,zipfian
2,RC,original,200,18000,18000,0.8,"{'balance': 0, 'deposit_checking': 1, 'transact_saving': 1, 'amalgamate': 1, 'write_check': 0, 'go_premium': 0}",1726349,69,28772.48,1.15,zipfian
3,RC,original,200,18000,18000,0.8,"{'balance': 0, 'deposit_checking': 1, 'transact_saving': 1, 'amalgamate': 1, 'write_check': 0, 'go_premium': 0}",1868848,34,31147.47,0.57,zipfian
4,RC,original,200,18000,18000,0.8,"{'balance': 0, 'deposit_checking': 1, 'transact_saving': 1, 'amalgamate': 1, 'write_check': 0, 'go_premium': 0}",1805778,50,30096.30,0.83,zipfian
0,SI,original,200,18000,18000,0.8,"{'balance': 0, 'deposit_checking': 1, 'transact_saving': 1, 'amalgamate': 1, 'write_check': 0, 'go_premium': 0}",529316,1264977,8821.93,21082.95,zipfian
1,SI,original,200,18000,18000,0.8,"{'balance': 0, 'deposit_checking': 1, 'transact_saving': 1, 'amalgamate': 1, 'write_check': 0, 'go_premium': 0}",531031,1269396,8850.52,21156.60,zipfian
2,SI,original,200,18000,18000,0.8,"{'balance': 0, 'deposit_checking': 1, 'transact_saving': 1, 'amalgamate': 1, 'write_check': 0, 'go_premium': 0}",512481,1224520,8541.35,20408.67,zipfian
3,SI,original,200,18000,18000,0.8,"{'balance': 0, 'deposit_checking': 1, 'transact_saving': 1, 'amalgamate': 1, 'write_check': 0, 'go_premium': 0}",538317,1321540,8971.95,22025.67,zipfian
4,SI,original,200,18000,18000,0.8,"{'balance': 0, 'deposit_checking': 1, 'transact_saving': 1, 'amalgamate': 1, 'write_check': 0, 'go_premium': 0}",515176,1240649,8586.27,20677.48,zipfian
0,SSI,original,200,18000,18000,0.8,"{'balance': 0, 'deposit_checking': 1, 'transact_saving': 1, 'amalgamate': 1, 'write_check': 0, 'go_premium': 0}",536172,1187802,8936.20,19796.70,zipfian
1,SSI,original,200,18000,18000,0.8,"{'balance': 0, 'deposit_checking': 1, 'transact_saving': 1, 'amalgamate': 1, 'write_check': 0, 'go_premium': 0}",528076,1180671,8801.27,19677.85,zipfian
2,SSI,original,200,18000,18000,0.8,"{'balance': 0, 'deposit_checking': 1, 'transact_saving': 1, 'amalgamate': 1, 'write_check': 0, 'go_premium': 0}",528371,1188024,8806.18,19800.40,zipfian
3,SSI,original,200,18000,18000,0.8,"{'balance': 0, 'deposit_checking': 1, 'transact_saving': 1, 'amalgamate': 1, 'write_check': 0, 'go_premium': 0}",548378,1195004,9139.63,19916.73,zipfian
4,SSI,original,200,18000,18000,0.8,"{'balance': 0, 'deposit_checking': 1, 'transact_saving': 1, 'amalgamate': 1, 'write_check': 0, 'go_premium': 0}",537360,1224178,8956.00,20402.97,zipfian
0,RC,original,200,18000,18000,0.9,"{'balance': 0, 'deposit_checking': 1, 'transact_saving': 1, 'amalgamate': 1, 'write_check': 0, 'go_premium': 0}",1162512,122,19375.20,2.03,zipfian
1,RC,original,200,18000,18000,0.9,"{'balance': 0, 'deposit_checking': 1, 'transact_saving': 1, 'amalgamate': 1, 'write_check': 0, 'go_premium': 0}",1124720,162,18745.33,2.70,zipfian
2,RC,original,200,18000,18000,0.9,"{'balance': 0, 'deposit_checking': 1, 'transact_saving': 1, 'amalgamate': 1, 'write_check': 0, 'go_premium': 0}",1112418,130,18540.30,2.17,zipfian
3,RC,original,200,18000,18000,0.9,"{'balance': 0, 'deposit_checking': 1, 'transact_saving': 1, 'amalgamate': 1, 'write_check': 0, 'go_premium': 0}",1193453,91,19890.88,1.52,zipfian
4,RC,original,200,18000,18000,0.9,"{'balance': 0, 'deposit_checking': 1, 'transact_saving': 1, 'amalgamate': 1, 'write_check': 0, 'go_premium': 0}",1200301,158,20005.02,2.63,zipfian
0,SI,original,200,18000,18000,0.9,"{'balance': 0, 'deposit_checking': 1, 'transact_saving': 1, 'amalgamate': 1, 'write_check': 0, 'go_premium': 0}",300096,1327608,5001.60,22126.80,zipfian
1,SI,original,200,18000,18000,0.9,"{'balance': 0, 'deposit_checking': 1, 'transact_saving': 1, 'amalgamate': 1, 'write_check': 0, 'go_premium': 0}",311375,1366319,5189.58,22771.98,zipfian
2,SI,original,200,18000,18000,0.9,"{'balance': 0, 'deposit_checking': 1, 'transact_saving': 1, 'amalgamate': 1, 'write_check': 0, 'go_premium': 0}",291635,1327451,4860.58,22124.18,zipfian
3,SI,original,200,18000,18000,0.9,"{'balance': 0, 'deposit_checking': 1, 'transact_saving': 1, 'amalgamate': 1, 'write_check': 0, 'go_premium': 0}",306037,1326874,5100.62,22114.57,zipfian
4,SI,original,200,18000,18000,0.9,"{'balance': 0, 'deposit_checking': 1, 'transact_saving': 1, 'amalgamate': 1, 'write_check': 0, 'go_premium': 0}",285680,1264755,4761.33,21079.25,zipfian
0,SSI,original,200,18000,18000,0.9,"{'balance': 0, 'deposit_checking': 1, 'transact_saving': 1, 'amalgamate': 1, 'write_check': 0, 'go_premium': 0}",306485,1264056,5108.08,21067.60,zipfian
1,SSI,original,200,18000,18000,0.9,"{'balance': 0, 'deposit_checking': 1, 'transact_saving': 1, 'amalgamate': 1, 'write_check': 0, 'go_premium': 0}",318531,1317132,5308.85,21952.20,zipfian
2,SSI,original,200,18000,18000,0.9,"{'balance': 0, 'deposit_checking': 1, 'transact_saving': 1, 'amalgamate': 1, 'write_check': 0, 'go_premium': 0}",314544,1280496,5242.40,21341.60,zipfian
3,SSI,original,200,18000,18000,0.9,"{'balance': 0, 'deposit_checking': 1, 'transact_saving': 1, 'amalgamate': 1, 'write_check': 0, 'go_premium': 0}",326352,1340556,5439.20,22342.60,zipfian
4,SSI,original,200,18000,18000,0.9,"{'balance': 0, 'deposit_checking': 1, 'transact_saving': 1, 'amalgamate': 1, 'write_check': 0, 'go_premium': 0}",324484,1300909,5408.07,21681.82,zipfian
