test_id,isolation_level,implementation,num_clients,init_db_config,hotspot_size,hotspot_probability,distribution,transactions,aborts,throughput,abort_rate,distribution,wh_zipf_skew
0,RC,promoted,200,"{'num_warehouses': 25, 'num_districts_per_warehouse': 10, 'num_customers_per_district': 3000, 'num_orders_per_customer': 10, 'num_items_per_warehouse': 100000}",3000,0.7,"{'new_order': 1, 'payment': 1, 'order_status': 1, 'delivery': 1, 'stock_level': 1}",947106,0,15785.10,0.00,zipfian,0.0
1,RC,promoted,200,"{'num_warehouses': 25, 'num_districts_per_warehouse': 10, 'num_customers_per_district': 3000, 'num_orders_per_customer': 10, 'num_items_per_warehouse': 100000}",3000,0.7,"{'new_order': 1, 'payment': 1, 'order_status': 1, 'delivery': 1, 'stock_level': 1}",916422,0,15273.70,0.00,zipfian,0.0
2,RC,promoted,200,"{'num_warehouses': 25, 'num_districts_per_warehouse': 10, 'num_customers_per_district': 3000, 'num_orders_per_customer': 10, 'num_items_per_warehouse': 100000}",3000,0.7,"{'new_order': 1, 'payment': 1, 'order_status': 1, 'delivery': 1, 'stock_level': 1}",948442,0,15807.37,0.00,zipfian,0.0
3,RC,promoted,200,"{'num_warehouses': 25, 'num_districts_per_warehouse': 10, 'num_customers_per_district': 3000, 'num_orders_per_customer': 10, 'num_items_per_warehouse': 100000}",3000,0.7,"{'new_order': 1, 'payment': 1, 'order_status': 1, 'delivery': 1, 'stock_level': 1}",975257,0,16254.28,0.00,zipfian,0.0
4,RC,promoted,200,"{'num_warehouses': 25, 'num_districts_per_warehouse': 10, 'num_customers_per_district': 3000, 'num_orders_per_customer': 10, 'num_items_per_warehouse': 100000}",3000,0.7,"{'new_order': 1, 'payment': 1, 'order_status': 1, 'delivery': 1, 'stock_level': 1}",933251,0,15554.18,0.00,zipfian,0.0
0,SI,original,200,"{'num_warehouses': 25, 'num_districts_per_warehouse': 10, 'num_customers_per_district': 3000, 'num_orders_per_customer': 10, 'num_items_per_warehouse': 100000}",3000,0.7,"{'new_order': 1, 'payment': 1, 'order_status': 1, 'delivery': 1, 'stock_level': 1}",828100,723080,13801.67,12051.33,zipfian,0.0
1,SI,original,200,"{'num_warehouses': 25, 'num_districts_per_warehouse': 10, 'num_customers_per_district': 3000, 'num_orders_per_customer': 10, 'num_items_per_warehouse': 100000}",3000,0.7,"{'new_order': 1, 'payment': 1, 'order_status': 1, 'delivery': 1, 'stock_level': 1}",849805,743679,14163.42,12394.65,zipfian,0.0
2,SI,original,200,"{'num_warehouses': 25, 'num_districts_per_warehouse': 10, 'num_customers_per_district': 3000, 'num_orders_per_customer': 10, 'num_items_per_warehouse': 100000}",3000,0.7,"{'new_order': 1, 'payment': 1, 'order_status': 1, 'delivery': 1, 'stock_level': 1}",852241,749941,14204.02,12499.02,zipfian,0.0
3,SI,original,200,"{'num_warehouses': 25, 'num_districts_per_warehouse': 10, 'num_customers_per_district': 3000, 'num_orders_per_customer': 10, 'num_items_per_warehouse': 100000}",3000,0.7,"{'new_order': 1, 'payment': 1, 'order_status': 1, 'delivery': 1, 'stock_level': 1}",834684,726990,13911.40,12116.50,zipfian,0.0
4,SI,original,200,"{'num_warehouses': 25, 'num_districts_per_warehouse': 10, 'num_customers_per_district': 3000, 'num_orders_per_customer': 10, 'num_items_per_warehouse': 100000}",3000,0.7,"{'new_order': 1, 'payment': 1, 'order_status': 1, 'delivery': 1, 'stock_level': 1}",838801,731411,13980.02,12190.18,zipfian,0.0
0,SSI,original,200,"{'num_warehouses': 25, 'num_districts_per_warehouse': 10, 'num_customers_per_district': 3000, 'num_orders_per_customer': 10, 'num_items_per_warehouse': 100000}",3000,0.7,"{'new_order': 1, 'payment': 1, 'order_status': 1, 'delivery': 1, 'stock_level': 1}",746343,866571,12439.05,14442.85,zipfian,0.0
1,SSI,original,200,"{'num_warehouses': 25, 'num_districts_per_warehouse': 10, 'num_customers_per_district': 3000, 'num_orders_per_customer': 10, 'num_items_per_warehouse': 100000}",3000,0.7,"{'new_order': 1, 'payment': 1, 'order_status': 1, 'delivery': 1, 'stock_level': 1}",741849,863502,12364.15,14391.70,zipfian,0.0
2,SSI,original,200,"{'num_warehouses': 25, 'num_districts_per_warehouse': 10, 'num_customers_per_district': 3000, 'num_orders_per_customer': 10, 'num_items_per_warehouse': 100000}",3000,0.7,"{'new_order': 1, 'payment': 1, 'order_status': 1, 'delivery': 1, 'stock_level': 1}",746931,887674,12448.85,14794.57,zipfian,0.0
3,SSI,original,200,"{'num_warehouses': 25, 'num_districts_per_warehouse': 10, 'num_customers_per_district': 3000, 'num_orders_per_customer': 10, 'num_items_per_warehouse': 100000}",3000,0.7,"{'new_order': 1, 'payment': 1, 'order_status': 1, 'delivery': 1, 'stock_level': 1}",765715,891525,12761.92,14858.75,zipfian,0.0
4,SSI,original,200,"{'num_warehouses': 25, 'num_districts_per_warehouse': 10, 'num_customers_per_district': 3000, 'num_orders_per_customer': 10, 'num_items_per_warehouse': 100000}",3000,0.7,"{'new_order': 1, 'payment': 1, 'order_status': 1, 'delivery': 1, 'stock_level': 1}",750969,883863,12516.15,14731.05,zipfian,0.0
