test_id,isolation_level,implementation,num_clients,num_accounts,hotspot_size,hotspot_probability,distribution,transactions,aborts,throughput,abort_rate,distr_type
0,RC,original,1,18000,1000,0.9,"{'balance': 0, 'deposit_checking': 1, 'transact_saving': 1, 'amalgamate': 1, 'write_check': 0, 'go_premium': 0}",95100,0,1585.00,0.00,hotspot
1,RC,original,1,18000,1000,0.9,"{'balance': 0, 'deposit_checking': 1, 'transact_saving': 1, 'amalgamate': 1, 'write_check': 0, 'go_premium': 0}",95689,0,1594.82,0.00,hotspot
2,RC,original,1,18000,1000,0.9,"{'balance': 0, 'deposit_checking': 1, 'transact_saving': 1, 'amalgamate': 1, 'write_check': 0, 'go_premium': 0}",95111,0,1585.18,0.00,hotspot
3,RC,original,1,18000,1000,0.9,"{'balance': 0, 'deposit_checking': 1, 'transact_saving': 1, 'amalgamate': 1, 'write_check': 0, 'go_premium': 0}",94692,0,1578.20,0.00,hotspot
4,RC,original,1,18000,1000,0.9,"{'balance': 0, 'deposit_checking': 1, 'transact_saving': 1, 'amalgamate': 1, 'write_check': 0, 'go_premium': 0}",95033,0,1583.88,0.00,hotspot
0,SI,original,1,18000,1000,0.9,"{'balance': 0, 'deposit_checking': 1, 'transact_saving': 1, 'amalgamate': 1, 'write_check': 0, 'go_premium': 0}",95857,0,1597.62,0.00,hotspot
1,SI,original,1,18000,1000,0.9,"{'balance': 0, 'deposit_checking': 1, 'transact_saving': 1, 'amalgamate': 1, 'write_check': 0, 'go_premium': 0}",96417,0,1606.95,0.00,hotspot
2,SI,original,1,18000,1000,0.9,"{'balance': 0, 'deposit_checking': 1, 'transact_saving': 1, 'amalgamate': 1, 'write_check': 0, 'go_premium': 0}",95518,0,1591.97,0.00,hotspot
3,SI,original,1,18000,1000,0.9,"{'balance': 0, 'deposit_checking': 1, 'transact_saving': 1, 'amalgamate': 1, 'write_check': 0, 'go_premium': 0}",95086,0,1584.77,0.00,hotspot
4,SI,original,1,18000,1000,0.9,"{'balance': 0, 'deposit_checking': 1, 'transact_saving': 1, 'amalgamate': 1, 'write_check': 0, 'go_premium': 0}",94876,0,1581.27,0.00,hotspot
0,SSI,original,1,18000,1000,0.9,"{'balance': 0, 'deposit_checking': 1, 'transact_saving': 1, 'amalgamate': 1, 'write_check': 0, 'go_premium': 0}",92637,0,1543.95,0.00,hotspot
1,SSI,original,1,18000,1000,0.9,"{'balance': 0, 'deposit_checking': 1, 'transact_saving': 1, 'amalgamate': 1, 'write_check': 0, 'go_premium': 0}",93506,0,1558.43,0.00,hotspot
2,SSI,original,1,18000,1000,0.9,"{'balance': 0, 'deposit_checking': 1, 'transact_saving': 1, 'amalgamate': 1, 'write_check': 0, 'go_premium': 0}",94254,0,1570.90,0.00,hotspot
3,SSI,original,1,18000,1000,0.9,"{'balance': 0, 'deposit_checking': 1, 'transact_saving': 1, 'amalgamate': 1, 'write_check': 0, 'go_premium': 0}",93193,0,1553.22,0.00,hotspot
4,SSI,original,1,18000,1000,0.9,"{'balance': 0, 'deposit_checking': 1, 'transact_saving': 1, 'amalgamate': 1, 'write_check': 0, 'go_premium': 0}",92849,0,1547.48,0.00,hotspot
0,RC,original,10,18000,1000,0.9,"{'balance': 0, 'deposit_checking': 1, 'transact_saving': 1, 'amalgamate': 1, 'write_check': 0, 'go_premium': 0}",789889,0,13164.82,0.00,hotspot
1,RC,original,10,18000,1000,0.9,"{'balance': 0, 'deposit_checking': 1, 'transact_saving': 1, 'amalgamate': 1, 'write_check': 0, 'go_premium': 0}",788480,0,13141.33,0.00,hotspot
2,RC,original,10,18000,1000,0.9,"{'balance': 0, 'deposit_checking': 1, 'transact_saving': 1, 'amalgamate': 1, 'write_check': 0, 'go_premium': 0}",794159,0,13235.98,0.00,hotspot
3,RC,original,10,18000,1000,0.9,"{'balance': 0, 'deposit_checking': 1, 'transact_saving': 1, 'amalgamate': 1, 'write_check': 0, 'go_premium': 0}",795565,0,13259.42,0.00,hotspot
4,RC,original,10,18000,1000,0.9,"{'balance': 0, 'deposit_checking': 1, 'transact_saving': 1, 'amalgamate': 1, 'write_check': 0, 'go_premium': 0}",792617,0,13210.28,0.00,hotspot
0,SI,original,10,18000,1000,0.9,"{'balance': 0, 'deposit_checking': 1, 'transact_saving': 1, 'amalgamate': 1, 'write_check': 0, 'go_premium': 0}",785535,6755,13092.25,112.58,hotspot
1,SI,original,10,18000,1000,0.9,"{'balance': 0, 'deposit_checking': 1, 'transact_saving': 1, 'amalgamate': 1, 'write_check': 0, 'go_premium': 0}",795477,6841,13257.95,114.02,hotspot
2,SI,original,10,18000,1000,0.9,"{'balance': 0, 'deposit_checking': 1, 'transact_saving': 1, 'amalgamate': 1, 'write_check': 0, 'go_premium': 0}",791264,6617,13187.73,110.28,hotspot
3,SI,original,10,18000,1000,0.9,"{'balance': 0, 'deposit_checking': 1, 'transact_saving': 1, 'amalgamate': 1, 'write_check': 0, 'go_premium': 0}",789916,6786,13165.27,113.10,hotspot
4,SI,original,10,18000,1000,0.9,"{'balance': 0, 'deposit_checking': 1, 'transact_saving': 1, 'amalgamate': 1, 'write_check': 0, 'go_premium': 0}",791500,6934,13191.67,115.57,hotspot
0,SSI,original,10,18000,1000,0.9,"{'balance': 0, 'deposit_checking': 1, 'transact_saving': 1, 'amalgamate': 1, 'write_check': 0, 'go_premium': 0}",777409,6685,12956.82,111.42,hotspot
1,SSI,original,10,18000,1000,0.9,"{'balance': 0, 'deposit_checking': 1, 'transact_saving': 1, 'amalgamate': 1, 'write_check': 0, 'go_premium': 0}",782625,6659,13043.75,110.98,hotspot
2,SSI,original,10,18000,1000,0.9,"{'balance': 0, 'deposit_checking': 1, 'transact_saving': 1, 'amalgamate': 1, 'write_check': 0, 'go_premium': 0}",777214,6769,12953.57,112.82,hotspot
3,SSI,original,10,18000,1000,0.9,"{'balance': 0, 'deposit_checking': 1, 'transact_saving': 1, 'amalgamate': 1, 'write_check': 0, 'go_premium': 0}",775306,6587,12921.77,109.78,hotspot
4,SSI,original,10,18000,1000,0.9,"{'balance': 0, 'deposit_checking': 1, 'transact_saving': 1, 'amalgamate': 1, 'write_check': 0, 'go_premium': 0}",779674,6808,12994.57,113.47,hotspot
0,RC,original,25,18000,1000,0.9,"{'balance': 0, 'deposit_checking': 1, 'transact_saving': 1, 'amalgamate': 1, 'write_check': 0, 'go_premium': 0}",1554828,0,25913.80,0.00,hotspot
1,RC,original,25,18000,1000,0.9,"{'balance': 0, 'deposit_checking': 1, 'transact_saving': 1, 'amalgamate': 1, 'write_check': 0, 'go_premium': 0}",1566177,0,26102.95,0.00,hotspot
2,RC,original,25,18000,1000,0.9,"{'balance': 0, 'deposit_checking': 1, 'transact_saving': 1, 'amalgamate': 1, 'write_check': 0, 'go_premium': 0}",1566532,1,26108.87,0.02,hotspot
3,RC,original,25,18000,1000,0.9,"{'balance': 0, 'deposit_checking': 1, 'transact_saving': 1, 'amalgamate': 1, 'write_check': 0, 'go_premium': 0}",1570201,2,26170.02,0.03,hotspot
4,RC,original,25,18000,1000,0.9,"{'balance': 0, 'deposit_checking': 1, 'transact_saving': 1, 'amalgamate': 1, 'write_check': 0, 'go_premium': 0}",1557507,1,25958.45,0.02,hotspot
0,SI,original,25,18000,1000,0.9,"{'balance': 0, 'deposit_checking': 1, 'transact_saving': 1, 'amalgamate': 1, 'write_check': 0, 'go_premium': 0}",1527001,34939,25450.02,582.32,hotspot
1,SI,original,25,18000,1000,0.9,"{'balance': 0, 'deposit_checking': 1, 'transact_saving': 1, 'amalgamate': 1, 'write_check': 0, 'go_premium': 0}",1512308,34657,25205.13,577.62,hotspot
2,SI,original,25,18000,1000,0.9,"{'balance': 0, 'deposit_checking': 1, 'transact_saving': 1, 'amalgamate': 1, 'write_check': 0, 'go_premium': 0}",1518639,34522,25310.65,575.37,hotspot
3,SI,original,25,18000,1000,0.9,"{'balance': 0, 'deposit_checking': 1, 'transact_saving': 1, 'amalgamate': 1, 'write_check': 0, 'go_premium': 0}",1531424,34914,25523.73,581.90,hotspot
4,SI,original,25,18000,1000,0.9,"{'balance': 0, 'deposit_checking': 1, 'transact_saving': 1, 'amalgamate': 1, 'write_check': 0, 'go_premium': 0}",1542770,35051,25712.83,584.18,hotspot
0,SSI,original,25,18000,1000,0.9,"{'balance': 0, 'deposit_checking': 1, 'transact_saving': 1, 'amalgamate': 1, 'write_check': 0, 'go_premium': 0}",1501645,34142,25027.42,569.03,hotspot
1,SSI,original,25,18000,1000,0.9,"{'balance': 0, 'deposit_checking': 1, 'transact_saving': 1, 'amalgamate': 1, 'write_check': 0, 'go_premium': 0}",1485118,34149,24751.97,569.15,hotspot
2,SSI,original,25,18000,1000,0.9,"{'balance': 0, 'deposit_checking': 1, 'transact_saving': 1, 'amalgamate': 1, 'write_check': 0, 'go_premium': 0}",1497953,34351,24965.88,572.52,hotspot
3,SSI,original,25,18000,1000,0.9,"{'balance': 0, 'deposit_checking': 1, 'transact_saving': 1, 'amalgamate': 1, 'write_check': 0, 'go_premium': 0}",1492368,34145,24872.80,569.08,hotspot
4,SSI,original,25,18000,1000,0.9,"{'balance': 0, 'deposit_checking': 1, 'transact_saving': 1, 'amalgamate': 1, 'write_check': 0, 'go_premium': 0}",1504196,34546,25069.93,575.77,hotspot
0,RC,original,50,18000,1000,0.9,"{'balance': 0, 'deposit_checking': 1, 'transact_saving': 1, 'amalgamate': 1, 'write_check': 0, 'go_premium': 0}",1776373,4,29606.22,0.07,hotspot
1,RC,original,50,18000,1000,0.9,"{'balance': 0, 'deposit_checking': 1, 'transact_saving': 1, 'amalgamate': 1, 'write_check': 0, 'go_premium': 0}",1838334,1,30638.90,0.02,hotspot
2,RC,original,50,18000,1000,0.9,"{'balance': 0, 'deposit_checking': 1, 'transact_saving': 1, 'amalgamate': 1, 'write_check': 0, 'go_premium': 0}",1851230,0,30853.83,0.00,hotspot
3,RC,original,50,18000,1000,0.9,"{'balance': 0, 'deposit_checking': 1, 'transact_saving': 1, 'amalgamate': 1, 'write_check': 0, 'go_premium': 0}",1811480,1,30191.33,0.02,hotspot
4,RC,original,50,18000,1000,0.9,"{'balance': 0, 'deposit_checking': 1, 'transact_saving': 1, 'amalgamate': 1, 'write_check': 0, 'go_premium': 0}",1837995,1,30633.25,0.02,hotspot
0,SI,original,50,18000,1000,0.9,"{'balance': 0, 'deposit_checking': 1, 'transact_saving': 1, 'amalgamate': 1, 'write_check': 0, 'go_premium': 0}",1732584,75602,28876.40,1260.03,hotspot
1,SI,original,50,18000,1000,0.9,"{'balance': 0, 'deposit_checking': 1, 'transact_saving': 1, 'amalgamate': 1, 'write_check': 0, 'go_premium': 0}",1746198,76184,29103.30,1269.73,hotspot
2,SI,original,50,18000,1000,0.9,"{'balance': 0, 'deposit_checking': 1, 'transact_saving': 1, 'amalgamate': 1, 'write_check': 0, 'go_premium': 0}",1687378,73168,28122.97,1219.47,hotspot
3,SI,original,50,18000,1000,0.9,"{'balance': 0, 'deposit_checking': 1, 'transact_saving': 1, 'amalgamate': 1, 'write_check': 0, 'go_premium': 0}",1732128,75078,28868.80,1251.30,hotspot
4,SI,original,50,18000,1000,0.9,"{'balance': 0, 'deposit_checking': 1, 'transact_saving': 1, 'amalgamate': 1, 'write_check': 0, 'go_premium': 0}",1733283,75139,28888.05,1252.32,hotspot
0,SSI,original,50,18000,1000,0.9,"{'balance': 0, 'deposit_checking': 1, 'transact_saving': 1, 'amalgamate': 1, 'write_check': 0, 'go_premium': 0}",1692106,72253,28201.77,1204.22,hotspot
1,SSI,original,50,18000,1000,0.9,"{'balance': 0, 'deposit_checking': 1, 'transact_saving': 1, 'amalgamate': 1, 'write_check': 0, 'go_premium': 0}",1697069,72939,28284.48,1215.65,hotspot
2,SSI,original,50,18000,1000,0.9,"{'balance': 0, 'deposit_checking': 1, 'transact_saving': 1, 'amalgamate': 1, 'write_check': 0, 'go_premium': 0}",1714754,73847,28579.23,1230.78,hotspot
3,SSI,original,50,18000,1000,0.9,"{'balance': 0, 'deposit_checking': 1, 'transact_saving': 1, 'amalgamate': 1, 'write_check': 0, 'go_premium': 0}",1688283,72586,28138.05,1209.77,hotspot
4,SSI,original,50,18000,1000,0.9,"{'balance': 0, 'deposit_checking': 1, 'transact_saving': 1, 'amalgamate': 1, 'write_check': 0, 'go_premium': 0}",1710048,73616,28500.80,1226.93,hotspot
0,RC,original,100,18000,1000,0.9,"{'balance': 0, 'deposit_checking': 1, 'transact_saving': 1, 'amalgamate': 1, 'write_check': 0, 'go_premium': 0}",2054042,2,34234.03,0.03,hotspot
1,RC,original,100,18000,1000,0.9,"{'balance': 0, 'deposit_checking': 1, 'transact_saving': 1, 'amalgamate': 1, 'write_check': 0, 'go_premium': 0}",1988228,2,33137.13,0.03,hotspot
2,RC,original,100,18000,1000,0.9,"{'balance': 0, 'deposit_checking': 1, 'transact_saving': 1, 'amalgamate': 1, 'write_check': 0, 'go_premium': 0}",2034038,1,33900.63,0.02,hotspot
3,RC,original,100,18000,1000,0.9,"{'balance': 0, 'deposit_checking': 1, 'transact_saving': 1, 'amalgamate': 1, 'write_check': 0, 'go_premium': 0}",1978120,0,32968.67,0.00,hotspot
4,RC,original,100,18000,1000,0.9,"{'balance': 0, 'deposit_checking': 1, 'transact_saving': 1, 'amalgamate': 1, 'write_check': 0, 'go_premium': 0}",2046454,0,34107.57,0.00,hotspot
0,SI,original,100,18000,1000,0.9,"{'balance': 0, 'deposit_checking': 1, 'transact_saving': 1, 'amalgamate': 1, 'write_check': 0, 'go_premium': 0}",1773208,151979,29553.47,2532.98,hotspot
1,SI,original,100,18000,1000,0.9,"{'balance': 0, 'deposit_checking': 1, 'transact_saving': 1, 'amalgamate': 1, 'write_check': 0, 'go_premium': 0}",1864623,159705,31077.05,2661.75,hotspot
2,SI,original,100,18000,1000,0.9,"{'balance': 0, 'deposit_checking': 1, 'transact_saving': 1, 'amalgamate': 1, 'write_check': 0, 'go_premium': 0}",1811185,154751,30186.42,2579.18,hotspot
3,SI,original,100,18000,1000,0.9,"{'balance': 0, 'deposit_checking': 1, 'transact_saving': 1, 'amalgamate': 1, 'write_check': 0, 'go_premium': 0}",1852660,158825,30877.67,2647.08,hotspot
4,SI,original,100,18000,1000,0.9,"{'balance': 0, 'deposit_checking': 1, 'transact_saving': 1, 'amalgamate': 1, 'write_check': 0, 'go_premium': 0}",1756570,151707,29276.17,2528.45,hotspot
0,SSI,original,100,18000,1000,0.9,"{'balance': 0, 'deposit_checking': 1, 'transact_saving': 1, 'amalgamate': 1, 'write_check': 0, 'go_premium': 0}",1797415,151193,29956.92,2519.88,hotspot
1,SSI,original,100,18000,1000,0.9,"{'balance': 0, 'deposit_checking': 1, 'transact_saving': 1, 'amalgamate': 1, 'write_check': 0, 'go_premium': 0}",1805883,152053,30098.05,2534.22,hotspot
2,SSI,original,100,18000,1000,0.9,"{'balance': 0, 'deposit_checking': 1, 'transact_saving': 1, 'amalgamate': 1, 'write_check': 0, 'go_premium': 0}",1804160,152436,30069.33,2540.60,hotspot
3,SSI,original,100,18000,1000,0.9,"{'balance': 0, 'deposit_checking': 1, 'transact_saving': 1, 'amalgamate': 1, 'write_check': 0, 'go_premium': 0}",1790084,150366,29834.73,2506.10,hotspot
4,SSI,original,100,18000,1000,0.9,"{'balance': 0, 'deposit_checking': 1, 'transact_saving': 1, 'amalgamate': 1, 'write_check': 0, 'go_premium': 0}",1798957,152122,29982.62,2535.37,hotspot
0,RC,original,150,18000,1000,0.9,"{'balance': 0, 'deposit_checking': 1, 'transact_saving': 1, 'amalgamate': 1, 'write_check': 0, 'go_premium': 0}",2158207,7,35970.12,0.12,hotspot
1,RC,original,150,18000,1000,0.9,"{'balance': 0, 'deposit_checking': 1, 'transact_saving': 1, 'amalgamate': 1, 'write_check': 0, 'go_premium': 0}",2206692,4,36778.20,0.07,hotspot
2,RC,original,150,18000,1000,0.9,"{'balance': 0, 'deposit_checking': 1, 'transact_saving': 1, 'amalgamate': 1, 'write_check': 0, 'go_premium': 0}",2192437,3,36540.62,0.05,hotspot
3,RC,original,150,18000,1000,0.9,"{'balance': 0, 'deposit_checking': 1, 'transact_saving': 1, 'amalgamate': 1, 'write_check': 0, 'go_premium': 0}",2171664,3,36194.40,0.05,hotspot
4,RC,original,150,18000,1000,0.9,"{'balance': 0, 'deposit_checking': 1, 'transact_saving': 1, 'amalgamate': 1, 'write_check': 0, 'go_premium': 0}",2255526,5,37592.10,0.08,hotspot
0,SI,original,150,18000,1000,0.9,"{'balance': 0, 'deposit_checking': 1, 'transact_saving': 1, 'amalgamate': 1, 'write_check': 0, 'go_premium': 0}",1871161,239617,31186.02,3993.62,hotspot
1,SI,original,150,18000,1000,0.9,"{'balance': 0, 'deposit_checking': 1, 'transact_saving': 1, 'amalgamate': 1, 'write_check': 0, 'go_premium': 0}",1848448,237918,30807.47,3965.30,hotspot
2,SI,original,150,18000,1000,0.9,"{'balance': 0, 'deposit_checking': 1, 'transact_saving': 1, 'amalgamate': 1, 'write_check': 0, 'go_premium': 0}",1920855,247475,32014.25,4124.58,hotspot
3,SI,original,150,18000,1000,0.9,"{'balance': 0, 'deposit_checking': 1, 'transact_saving': 1, 'amalgamate': 1, 'write_check': 0, 'go_premium': 0}",1940707,247743,32345.12,4129.05,hotspot
4,SI,original,150,18000,1000,0.9,"{'balance': 0, 'deposit_checking': 1, 'transact_saving': 1, 'amalgamate': 1, 'write_check': 0, 'go_premium': 0}",1874506,239299,31241.77,3988.32,hotspot
0,SSI,original,150,18000,1000,0.9,"{'balance': 0, 'deposit_checking': 1, 'transact_saving': 1, 'amalgamate': 1, 'write_check': 0, 'go_premium': 0}",1822470,228498,30374.50,3808.30,hotspot
1,SSI,original,150,18000,1000,0.9,"{'balance': 0, 'deposit_checking': 1, 'transact_saving': 1, 'amalgamate': 1, 'write_check': 0, 'go_premium': 0}",1779154,222995,29652.57,3716.58,hotspot
2,SSI,original,150,18000,1000,0.9,"{'balance': 0, 'deposit_checking': 1, 'transact_saving': 1, 'amalgamate': 1, 'write_check': 0, 'go_premium': 0}",1831015,228124,30516.92,3802.07,hotspot
3,SSI,original,150,18000,1000,0.9,"{'balance': 0, 'deposit_checking': 1, 'transact_saving': 1, 'amalgamate': 1, 'write_check': 0, 'go_premium': 0}",1763428,221211,29390.47,3686.85,hotspot
4,SSI,original,150,18000,1000,0.9,"{'balance': 0, 'deposit_checking': 1, 'transact_saving': 1, 'amalgamate': 1, 'write_check': 0, 'go_premium': 0}",1788331,224097,29805.52,3734.95,hotspot
0,RC,original,200,18000,1000,0.9,"{'balance': 0, 'deposit_checking': 1, 'transact_saving': 1, 'amalgamate': 1, 'write_check': 0, 'go_premium': 0}",2283996,10,38066.60,0.17,hotspot
1,RC,original,200,18000,1000,0.9,"{'balance': 0, 'deposit_checking': 1, 'transact_saving': 1, 'amalgamate': 1, 'write_check': 0, 'go_premium': 0}",2212694,6,36878.23,0.10,hotspot
2,RC,original,200,18000,1000,0.9,"{'balance': 0, 'deposit_checking': 1, 'transact_saving': 1, 'amalgamate': 1, 'write_check': 0, 'go_premium': 0}",2262263,6,37704.38,0.10,hotspot
3,RC,original,200,18000,1000,0.9,"{'balance': 0, 'deposit_checking': 1, 'transact_saving': 1, 'amalgamate': 1, 'write_check': 0, 'go_premium': 0}",2253832,8,37563.87,0.13,hotspot
4,RC,original,200,18000,1000,0.9,"{'balance': 0, 'deposit_checking': 1, 'transact_saving': 1, 'amalgamate': 1, 'write_check': 0, 'go_premium': 0}",2222337,2,37038.95,0.03,hotspot
0,SI,original,200,18000,1000,0.9,"{'balance': 0, 'deposit_checking': 1, 'transact_saving': 1, 'amalgamate': 1, 'write_check': 0, 'go_premium': 0}",1849214,316394,30820.23,5273.23,hotspot
1,SI,original,200,18000,1000,0.9,"{'balance': 0, 'deposit_checking': 1, 'transact_saving': 1, 'amalgamate': 1, 'write_check': 0, 'go_premium': 0}",1888339,322488,31472.32,5374.80,hotspot
2,SI,original,200,18000,1000,0.9,"{'balance': 0, 'deposit_checking': 1, 'transact_saving': 1, 'amalgamate': 1, 'write_check': 0, 'go_premium': 0}",1844462,317364,30741.03,5289.40,hotspot
3,SI,original,200,18000,1000,0.9,"{'balance': 0, 'deposit_checking': 1, 'transact_saving': 1, 'amalgamate': 1, 'write_check': 0, 'go_premium': 0}",1869554,320988,31159.23,5349.80,hotspot
4,SI,original,200,18000,1000,0.9,"{'balance': 0, 'deposit_checking': 1, 'transact_saving': 1, 'amalgamate': 1, 'write_check': 0, 'go_premium': 0}",1893609,323130,31560.15,5385.50,hotspot
0,SSI,original,200,18000,1000,0.9,"{'balance': 0, 'deposit_checking': 1, 'transact_saving': 1, 'amalgamate': 1, 'write_check': 0, 'go_premium': 0}",1758049,289775,29300.82,4829.58,hotspot
1,SSI,original,200,18000,1000,0.9,"{'balance': 0, 'deposit_checking': 1, 'transact_saving': 1, 'amalgamate': 1, 'write_check': 0, 'go_premium': 0}",1782372,290843,29706.20,4847.38,hotspot
2,SSI,original,200,18000,1000,0.9,"{'balance': 0, 'deposit_checking': 1, 'transact_saving': 1, 'amalgamate': 1, 'write_check': 0, 'go_premium': 0}",1791124,292144,29852.07,4869.07,hotspot
3,SSI,original,200,18000,1000,0.9,"{'balance': 0, 'deposit_checking': 1, 'transact_saving': 1, 'amalgamate': 1, 'write_check': 0, 'go_premium': 0}",1825647,292657,30427.45,4877.62,hotspot
4,SSI,original,200,18000,1000,0.9,"{'balance': 0, 'deposit_checking': 1, 'transact_saving': 1, 'amalgamate': 1, 'write_check': 0, 'go_premium': 0}",1813210,292464,30220.17,4874.40,hotspot
