test_id,isolation_level,implementation,num_clients,init_db_config,hotspot_size,hotspot_probability,distribution,transactions,aborts,throughput,abort_rate,distribution,wh_zipf_skew
0,RC,promoted,200,"{'num_warehouses': 10, 'num_districts_per_warehouse': 10, 'num_customers_per_district': 3000, 'num_orders_per_customer': 10, 'num_items_per_warehouse': 100000}",3000,0.7,"{'new_order': 1, 'payment': 1, 'order_status': 1, 'delivery': 1, 'stock_level': 1}",857960,0,14299.33,0.00,zipfian,0.0
1,RC,promoted,200,"{'num_warehouses': 10, 'num_districts_per_warehouse': 10, 'num_customers_per_district': 3000, 'num_orders_per_customer': 10, 'num_items_per_warehouse': 100000}",3000,0.7,"{'new_order': 1, 'payment': 1, 'order_status': 1, 'delivery': 1, 'stock_level': 1}",845473,0,14091.22,0.00,zipfian,0.0
2,RC,promoted,200,"{'num_warehouses': 10, 'num_districts_per_warehouse': 10, 'num_customers_per_district': 3000, 'num_orders_per_customer': 10, 'num_items_per_warehouse': 100000}",3000,0.7,"{'new_order': 1, 'payment': 1, 'order_status': 1, 'delivery': 1, 'stock_level': 1}",857402,0,14290.03,0.00,zipfian,0.0
3,RC,promoted,200,"{'num_warehouses': 10, 'num_districts_per_warehouse': 10, 'num_customers_per_district': 3000, 'num_orders_per_customer': 10, 'num_items_per_warehouse': 100000}",3000,0.7,"{'new_order': 1, 'payment': 1, 'order_status': 1, 'delivery': 1, 'stock_level': 1}",853315,0,14221.92,0.00,zipfian,0.0
4,RC,promoted,200,"{'num_warehouses': 10, 'num_districts_per_warehouse': 10, 'num_customers_per_district': 3000, 'num_orders_per_customer': 10, 'num_items_per_warehouse': 100000}",3000,0.7,"{'new_order': 1, 'payment': 1, 'order_status': 1, 'delivery': 1, 'stock_level': 1}",855029,0,14250.48,0.00,zipfian,0.0
0,SI,original,200,"{'num_warehouses': 10, 'num_districts_per_warehouse': 10, 'num_customers_per_district': 3000, 'num_orders_per_customer': 10, 'num_items_per_warehouse': 100000}",3000,0.7,"{'new_order': 1, 'payment': 1, 'order_status': 1, 'delivery': 1, 'stock_level': 1}",527287,1473204,8788.12,24553.40,zipfian,0.0
1,SI,original,200,"{'num_warehouses': 10, 'num_districts_per_warehouse': 10, 'num_customers_per_district': 3000, 'num_orders_per_customer': 10, 'num_items_per_warehouse': 100000}",3000,0.7,"{'new_order': 1, 'payment': 1, 'order_status': 1, 'delivery': 1, 'stock_level': 1}",533873,1539671,8897.88,25661.18,zipfian,0.0
2,SI,original,200,"{'num_warehouses': 10, 'num_districts_per_warehouse': 10, 'num_customers_per_district': 3000, 'num_orders_per_customer': 10, 'num_items_per_warehouse': 100000}",3000,0.7,"{'new_order': 1, 'payment': 1, 'order_status': 1, 'delivery': 1, 'stock_level': 1}",528704,1498370,8811.73,24972.83,zipfian,0.0
3,SI,original,200,"{'num_warehouses': 10, 'num_districts_per_warehouse': 10, 'num_customers_per_district': 3000, 'num_orders_per_customer': 10, 'num_items_per_warehouse': 100000}",3000,0.7,"{'new_order': 1, 'payment': 1, 'order_status': 1, 'delivery': 1, 'stock_level': 1}",528704,1479770,8811.73,24662.83,zipfian,0.0
4,SI,original,200,"{'num_warehouses': 10, 'num_districts_per_warehouse': 10, 'num_customers_per_district': 3000, 'num_orders_per_customer': 10, 'num_items_per_warehouse': 100000}",3000,0.7,"{'new_order': 1, 'payment': 1, 'order_status': 1, 'delivery': 1, 'stock_level': 1}",527966,1514823,8799.43,25247.05,zipfian,0.0
0,SSI,original,200,"{'num_warehouses': 10, 'num_districts_per_warehouse': 10, 'num_customers_per_district': 3000, 'num_orders_per_customer': 10, 'num_items_per_warehouse': 100000}",3000,0.7,"{'new_order': 1, 'payment': 1, 'order_status': 1, 'delivery': 1, 'stock_level': 1}",486768,1392034,8112.80,23200.57,zipfian,0.0
1,SSI,original,200,"{'num_warehouses': 10, 'num_districts_per_warehouse': 10, 'num_customers_per_district': 3000, 'num_orders_per_customer': 10, 'num_items_per_warehouse': 100000}",3000,0.7,"{'new_order': 1, 'payment': 1, 'order_status': 1, 'delivery': 1, 'stock_level': 1}",473065,1367227,7884.42,22787.12,zipfian,0.0
2,SSI,original,200,"{'num_warehouses': 10, 'num_districts_per_warehouse': 10, 'num_customers_per_district': 3000, 'num_orders_per_customer': 10, 'num_items_per_warehouse': 100000}",3000,0.7,"{'new_order': 1, 'payment': 1, 'order_status': 1, 'delivery': 1, 'stock_level': 1}",481538,1383147,8025.63,23052.45,zipfian,0.0
3,SSI,original,200,"{'num_warehouses': 10, 'num_districts_per_warehouse': 10, 'num_customers_per_district': 3000, 'num_orders_per_customer': 10, 'num_items_per_warehouse': 100000}",3000,0.7,"{'new_order': 1, 'payment': 1, 'order_status': 1, 'delivery': 1, 'stock_level': 1}",475089,1369679,7918.15,22827.98,zipfian,0.0
4,SSI,original,200,"{'num_warehouses': 10, 'num_districts_per_warehouse': 10, 'num_customers_per_district': 3000, 'num_orders_per_customer': 10, 'num_items_per_warehouse': 100000}",3000,0.7,"{'new_order': 1, 'payment': 1, 'order_status': 1, 'delivery': 1, 'stock_level': 1}",479825,1380912,7997.08,23015.20,zipfian,0.0
