test_id,isolation_level,implementation,num_clients,init_db_config,hotspot_size,hotspot_probability,distribution,transactions,aborts,throughput,abort_rate,distribution,wh_zipf_skew
0,RC,promoted,200,"{'num_warehouses': 25, 'num_districts_per_warehouse': 10, 'num_customers_per_district': 3000, 'num_orders_per_customer': 10, 'num_items_per_warehouse': 100000}",3000,0.7,"{'new_order': 1, 'payment': 1, 'order_status': 1, 'delivery': 1, 'stock_level': 1}",785546,0,13092.43,0.00,zipfian,0.3
1,RC,promoted,200,"{'num_warehouses': 25, 'num_districts_per_warehouse': 10, 'num_customers_per_district': 3000, 'num_orders_per_customer': 10, 'num_items_per_warehouse': 100000}",3000,0.7,"{'new_order': 1, 'payment': 1, 'order_status': 1, 'delivery': 1, 'stock_level': 1}",759555,0,12659.25,0.00,zipfian,0.3
2,RC,promoted,200,"{'num_warehouses': 25, 'num_districts_per_warehouse': 10, 'num_customers_per_district': 3000, 'num_orders_per_customer': 10, 'num_items_per_warehouse': 100000}",3000,0.7,"{'new_order': 1, 'payment': 1, 'order_status': 1, 'delivery': 1, 'stock_level': 1}",813290,0,13554.83,0.00,zipfian,0.3
3,RC,promoted,200,"{'num_warehouses': 25, 'num_districts_per_warehouse': 10, 'num_customers_per_district': 3000, 'num_orders_per_customer': 10, 'num_items_per_warehouse': 100000}",3000,0.7,"{'new_order': 1, 'payment': 1, 'order_status': 1, 'delivery': 1, 'stock_level': 1}",766580,0,12776.33,0.00,zipfian,0.3
4,RC,promoted,200,"{'num_warehouses': 25, 'num_districts_per_warehouse': 10, 'num_customers_per_district': 3000, 'num_orders_per_customer': 10, 'num_items_per_warehouse': 100000}",3000,0.7,"{'new_order': 1, 'payment': 1, 'order_status': 1, 'delivery': 1, 'stock_level': 1}",801572,0,13359.53,0.00,zipfian,0.3
0,SI,original,200,"{'num_warehouses': 25, 'num_districts_per_warehouse': 10, 'num_customers_per_district': 3000, 'num_orders_per_customer': 10, 'num_items_per_warehouse': 100000}",3000,0.7,"{'new_order': 1, 'payment': 1, 'order_status': 1, 'delivery': 1, 'stock_level': 1}",652780,944112,10879.67,15735.20,zipfian,0.3
1,SI,original,200,"{'num_warehouses': 25, 'num_districts_per_warehouse': 10, 'num_customers_per_district': 3000, 'num_orders_per_customer': 10, 'num_items_per_warehouse': 100000}",3000,0.7,"{'new_order': 1, 'payment': 1, 'order_status': 1, 'delivery': 1, 'stock_level': 1}",689593,987476,11493.22,16457.93,zipfian,0.3
2,SI,original,200,"{'num_warehouses': 25, 'num_districts_per_warehouse': 10, 'num_customers_per_district': 3000, 'num_orders_per_customer': 10, 'num_items_per_warehouse': 100000}",3000,0.7,"{'new_order': 1, 'payment': 1, 'order_status': 1, 'delivery': 1, 'stock_level': 1}",665583,949610,11093.05,15826.83,zipfian,0.3
3,SI,original,200,"{'num_warehouses': 25, 'num_districts_per_warehouse': 10, 'num_customers_per_district': 3000, 'num_orders_per_customer': 10, 'num_items_per_warehouse': 100000}",3000,0.7,"{'new_order': 1, 'payment': 1, 'order_status': 1, 'delivery': 1, 'stock_level': 1}",667856,954549,11130.93,15909.15,zipfian,0.3
4,SI,original,200,"{'num_warehouses': 25, 'num_districts_per_warehouse': 10, 'num_customers_per_district': 3000, 'num_orders_per_customer': 10, 'num_items_per_warehouse': 100000}",3000,0.7,"{'new_order': 1, 'payment': 1, 'order_status': 1, 'delivery': 1, 'stock_level': 1}",688608,976088,11476.80,16268.13,zipfian,0.3
0,SSI,original,200,"{'num_warehouses': 25, 'num_districts_per_warehouse': 10, 'num_customers_per_district': 3000, 'num_orders_per_customer': 10, 'num_items_per_warehouse': 100000}",3000,0.7,"{'new_order': 1, 'payment': 1, 'order_status': 1, 'delivery': 1, 'stock_level': 1}",630543,1074841,10509.05,17914.02,zipfian,0.3
1,SSI,original,200,"{'num_warehouses': 25, 'num_districts_per_warehouse': 10, 'num_customers_per_district': 3000, 'num_orders_per_customer': 10, 'num_items_per_warehouse': 100000}",3000,0.7,"{'new_order': 1, 'payment': 1, 'order_status': 1, 'delivery': 1, 'stock_level': 1}",626275,1073444,10437.92,17890.73,zipfian,0.3
2,SSI,original,200,"{'num_warehouses': 25, 'num_districts_per_warehouse': 10, 'num_customers_per_district': 3000, 'num_orders_per_customer': 10, 'num_items_per_warehouse': 100000}",3000,0.7,"{'new_order': 1, 'payment': 1, 'order_status': 1, 'delivery': 1, 'stock_level': 1}",622367,1021677,10372.78,17027.95,zipfian,0.3
3,SSI,original,200,"{'num_warehouses': 25, 'num_districts_per_warehouse': 10, 'num_customers_per_district': 3000, 'num_orders_per_customer': 10, 'num_items_per_warehouse': 100000}",3000,0.7,"{'new_order': 1, 'payment': 1, 'order_status': 1, 'delivery': 1, 'stock_level': 1}",623258,1045597,10387.63,17426.62,zipfian,0.3
4,SSI,original,200,"{'num_warehouses': 25, 'num_districts_per_warehouse': 10, 'num_customers_per_district': 3000, 'num_orders_per_customer': 10, 'num_items_per_warehouse': 100000}",3000,0.7,"{'new_order': 1, 'payment': 1, 'order_status': 1, 'delivery': 1, 'stock_level': 1}",640781,1065393,10679.68,17756.55,zipfian,0.3
0,RC,promoted,200,"{'num_warehouses': 25, 'num_districts_per_warehouse': 10, 'num_customers_per_district': 3000, 'num_orders_per_customer': 10, 'num_items_per_warehouse': 100000}",3000,0.7,"{'new_order': 1, 'payment': 1, 'order_status': 1, 'delivery': 1, 'stock_level': 1}",691457,0,11524.28,0.00,zipfian,0.5
1,RC,promoted,200,"{'num_warehouses': 25, 'num_districts_per_warehouse': 10, 'num_customers_per_district': 3000, 'num_orders_per_customer': 10, 'num_items_per_warehouse': 100000}",3000,0.7,"{'new_order': 1, 'payment': 1, 'order_status': 1, 'delivery': 1, 'stock_level': 1}",695286,0,11588.10,0.00,zipfian,0.5
2,RC,promoted,200,"{'num_warehouses': 25, 'num_districts_per_warehouse': 10, 'num_customers_per_district': 3000, 'num_orders_per_customer': 10, 'num_items_per_warehouse': 100000}",3000,0.7,"{'new_order': 1, 'payment': 1, 'order_status': 1, 'delivery': 1, 'stock_level': 1}",707293,0,11788.22,0.00,zipfian,0.5
3,RC,promoted,200,"{'num_warehouses': 25, 'num_districts_per_warehouse': 10, 'num_customers_per_district': 3000, 'num_orders_per_customer': 10, 'num_items_per_warehouse': 100000}",3000,0.7,"{'new_order': 1, 'payment': 1, 'order_status': 1, 'delivery': 1, 'stock_level': 1}",694178,0,11569.63,0.00,zipfian,0.5
4,RC,promoted,200,"{'num_warehouses': 25, 'num_districts_per_warehouse': 10, 'num_customers_per_district': 3000, 'num_orders_per_customer': 10, 'num_items_per_warehouse': 100000}",3000,0.7,"{'new_order': 1, 'payment': 1, 'order_status': 1, 'delivery': 1, 'stock_level': 1}",671830,0,11197.17,0.00,zipfian,0.5
0,SI,original,200,"{'num_warehouses': 25, 'num_districts_per_warehouse': 10, 'num_customers_per_district': 3000, 'num_orders_per_customer': 10, 'num_items_per_warehouse': 100000}",3000,0.7,"{'new_order': 1, 'payment': 1, 'order_status': 1, 'delivery': 1, 'stock_level': 1}",556390,1185786,9273.17,19763.10,zipfian,0.5
1,SI,original,200,"{'num_warehouses': 25, 'num_districts_per_warehouse': 10, 'num_customers_per_district': 3000, 'num_orders_per_customer': 10, 'num_items_per_warehouse': 100000}",3000,0.7,"{'new_order': 1, 'payment': 1, 'order_status': 1, 'delivery': 1, 'stock_level': 1}",538418,1176963,8973.63,19616.05,zipfian,0.5
2,SI,original,200,"{'num_warehouses': 25, 'num_districts_per_warehouse': 10, 'num_customers_per_district': 3000, 'num_orders_per_customer': 10, 'num_items_per_warehouse': 100000}",3000,0.7,"{'new_order': 1, 'payment': 1, 'order_status': 1, 'delivery': 1, 'stock_level': 1}",552566,1176781,9209.43,19613.02,zipfian,0.5
3,SI,original,200,"{'num_warehouses': 25, 'num_districts_per_warehouse': 10, 'num_customers_per_district': 3000, 'num_orders_per_customer': 10, 'num_items_per_warehouse': 100000}",3000,0.7,"{'new_order': 1, 'payment': 1, 'order_status': 1, 'delivery': 1, 'stock_level': 1}",551367,1155155,9189.45,19252.58,zipfian,0.5
4,SI,original,200,"{'num_warehouses': 25, 'num_districts_per_warehouse': 10, 'num_customers_per_district': 3000, 'num_orders_per_customer': 10, 'num_items_per_warehouse': 100000}",3000,0.7,"{'new_order': 1, 'payment': 1, 'order_status': 1, 'delivery': 1, 'stock_level': 1}",546492,1179529,9108.20,19658.82,zipfian,0.5
0,SSI,original,200,"{'num_warehouses': 25, 'num_districts_per_warehouse': 10, 'num_customers_per_district': 3000, 'num_orders_per_customer': 10, 'num_items_per_warehouse': 100000}",3000,0.7,"{'new_order': 1, 'payment': 1, 'order_status': 1, 'delivery': 1, 'stock_level': 1}",509257,1255973,8487.62,20932.88,zipfian,0.5
1,SSI,original,200,"{'num_warehouses': 25, 'num_districts_per_warehouse': 10, 'num_customers_per_district': 3000, 'num_orders_per_customer': 10, 'num_items_per_warehouse': 100000}",3000,0.7,"{'new_order': 1, 'payment': 1, 'order_status': 1, 'delivery': 1, 'stock_level': 1}",485904,1226554,8098.40,20442.57,zipfian,0.5
2,SSI,original,200,"{'num_warehouses': 25, 'num_districts_per_warehouse': 10, 'num_customers_per_district': 3000, 'num_orders_per_customer': 10, 'num_items_per_warehouse': 100000}",3000,0.7,"{'new_order': 1, 'payment': 1, 'order_status': 1, 'delivery': 1, 'stock_level': 1}",510600,1250581,8510.00,20843.02,zipfian,0.5
3,SSI,original,200,"{'num_warehouses': 25, 'num_districts_per_warehouse': 10, 'num_customers_per_district': 3000, 'num_orders_per_customer': 10, 'num_items_per_warehouse': 100000}",3000,0.7,"{'new_order': 1, 'payment': 1, 'order_status': 1, 'delivery': 1, 'stock_level': 1}",493835,1213694,8230.58,20228.23,zipfian,0.5
4,SSI,original,200,"{'num_warehouses': 25, 'num_districts_per_warehouse': 10, 'num_customers_per_district': 3000, 'num_orders_per_customer': 10, 'num_items_per_warehouse': 100000}",3000,0.7,"{'new_order': 1, 'payment': 1, 'order_status': 1, 'delivery': 1, 'stock_level': 1}",513342,1229444,8555.70,20490.73,zipfian,0.5
0,RC,promoted,200,"{'num_warehouses': 25, 'num_districts_per_warehouse': 10, 'num_customers_per_district': 3000, 'num_orders_per_customer': 10, 'num_items_per_warehouse': 100000}",3000,0.7,"{'new_order': 1, 'payment': 1, 'order_status': 1, 'delivery': 1, 'stock_level': 1}",540367,0,9006.12,0.00,zipfian,0.7
1,RC,promoted,200,"{'num_warehouses': 25, 'num_districts_per_warehouse': 10, 'num_customers_per_district': 3000, 'num_orders_per_customer': 10, 'num_items_per_warehouse': 100000}",3000,0.7,"{'new_order': 1, 'payment': 1, 'order_status': 1, 'delivery': 1, 'stock_level': 1}",549391,0,9156.52,0.00,zipfian,0.7
2,RC,promoted,200,"{'num_warehouses': 25, 'num_districts_per_warehouse': 10, 'num_customers_per_district': 3000, 'num_orders_per_customer': 10, 'num_items_per_warehouse': 100000}",3000,0.7,"{'new_order': 1, 'payment': 1, 'order_status': 1, 'delivery': 1, 'stock_level': 1}",560904,0,9348.40,0.00,zipfian,0.7
3,RC,promoted,200,"{'num_warehouses': 25, 'num_districts_per_warehouse': 10, 'num_customers_per_district': 3000, 'num_orders_per_customer': 10, 'num_items_per_warehouse': 100000}",3000,0.7,"{'new_order': 1, 'payment': 1, 'order_status': 1, 'delivery': 1, 'stock_level': 1}",553207,0,9220.12,0.00,zipfian,0.7
4,RC,promoted,200,"{'num_warehouses': 25, 'num_districts_per_warehouse': 10, 'num_customers_per_district': 3000, 'num_orders_per_customer': 10, 'num_items_per_warehouse': 100000}",3000,0.7,"{'new_order': 1, 'payment': 1, 'order_status': 1, 'delivery': 1, 'stock_level': 1}",564980,0,9416.33,0.00,zipfian,0.7
0,SI,original,200,"{'num_warehouses': 25, 'num_districts_per_warehouse': 10, 'num_customers_per_district': 3000, 'num_orders_per_customer': 10, 'num_items_per_warehouse': 100000}",3000,0.7,"{'new_order': 1, 'payment': 1, 'order_status': 1, 'delivery': 1, 'stock_level': 1}",443459,1390706,7390.98,23178.43,zipfian,0.7
1,SI,original,200,"{'num_warehouses': 25, 'num_districts_per_warehouse': 10, 'num_customers_per_district': 3000, 'num_orders_per_customer': 10, 'num_items_per_warehouse': 100000}",3000,0.7,"{'new_order': 1, 'payment': 1, 'order_status': 1, 'delivery': 1, 'stock_level': 1}",421655,1318040,7027.58,21967.33,zipfian,0.7
2,SI,original,200,"{'num_warehouses': 25, 'num_districts_per_warehouse': 10, 'num_customers_per_district': 3000, 'num_orders_per_customer': 10, 'num_items_per_warehouse': 100000}",3000,0.7,"{'new_order': 1, 'payment': 1, 'order_status': 1, 'delivery': 1, 'stock_level': 1}",456268,1430285,7604.47,23838.08,zipfian,0.7
3,SI,original,200,"{'num_warehouses': 25, 'num_districts_per_warehouse': 10, 'num_customers_per_district': 3000, 'num_orders_per_customer': 10, 'num_items_per_warehouse': 100000}",3000,0.7,"{'new_order': 1, 'payment': 1, 'order_status': 1, 'delivery': 1, 'stock_level': 1}",440239,1379456,7337.32,22990.93,zipfian,0.7
4,SI,original,200,"{'num_warehouses': 25, 'num_districts_per_warehouse': 10, 'num_customers_per_district': 3000, 'num_orders_per_customer': 10, 'num_items_per_warehouse': 100000}",3000,0.7,"{'new_order': 1, 'payment': 1, 'order_status': 1, 'delivery': 1, 'stock_level': 1}",438427,1390265,7307.12,23171.08,zipfian,0.7
0,SSI,original,200,"{'num_warehouses': 25, 'num_districts_per_warehouse': 10, 'num_customers_per_district': 3000, 'num_orders_per_customer': 10, 'num_items_per_warehouse': 100000}",3000,0.7,"{'new_order': 1, 'payment': 1, 'order_status': 1, 'delivery': 1, 'stock_level': 1}",428641,1429447,7144.02,23824.12,zipfian,0.7
1,SSI,original,200,"{'num_warehouses': 25, 'num_districts_per_warehouse': 10, 'num_customers_per_district': 3000, 'num_orders_per_customer': 10, 'num_items_per_warehouse': 100000}",3000,0.7,"{'new_order': 1, 'payment': 1, 'order_status': 1, 'delivery': 1, 'stock_level': 1}",417000,1421546,6950.00,23692.43,zipfian,0.7
2,SSI,original,200,"{'num_warehouses': 25, 'num_districts_per_warehouse': 10, 'num_customers_per_district': 3000, 'num_orders_per_customer': 10, 'num_items_per_warehouse': 100000}",3000,0.7,"{'new_order': 1, 'payment': 1, 'order_status': 1, 'delivery': 1, 'stock_level': 1}",401825,1413479,6697.08,23557.98,zipfian,0.7
3,SSI,original,200,"{'num_warehouses': 25, 'num_districts_per_warehouse': 10, 'num_customers_per_district': 3000, 'num_orders_per_customer': 10, 'num_items_per_warehouse': 100000}",3000,0.7,"{'new_order': 1, 'payment': 1, 'order_status': 1, 'delivery': 1, 'stock_level': 1}",405316,1422234,6755.27,23703.90,zipfian,0.7
4,SSI,original,200,"{'num_warehouses': 25, 'num_districts_per_warehouse': 10, 'num_customers_per_district': 3000, 'num_orders_per_customer': 10, 'num_items_per_warehouse': 100000}",3000,0.7,"{'new_order': 1, 'payment': 1, 'order_status': 1, 'delivery': 1, 'stock_level': 1}",402583,1372665,6709.72,22877.75,zipfian,0.7
0,RC,promoted,200,"{'num_warehouses': 25, 'num_districts_per_warehouse': 10, 'num_customers_per_district': 3000, 'num_orders_per_customer': 10, 'num_items_per_warehouse': 100000}",3000,0.7,"{'new_order': 1, 'payment': 1, 'order_status': 1, 'delivery': 1, 'stock_level': 1}",447080,0,7451.33,0.00,zipfian,0.9
1,RC,promoted,200,"{'num_warehouses': 25, 'num_districts_per_warehouse': 10, 'num_customers_per_district': 3000, 'num_orders_per_customer': 10, 'num_items_per_warehouse': 100000}",3000,0.7,"{'new_order': 1, 'payment': 1, 'order_status': 1, 'delivery': 1, 'stock_level': 1}",447197,0,7453.28,0.00,zipfian,0.9
2,RC,promoted,200,"{'num_warehouses': 25, 'num_districts_per_warehouse': 10, 'num_customers_per_district': 3000, 'num_orders_per_customer': 10, 'num_items_per_warehouse': 100000}",3000,0.7,"{'new_order': 1, 'payment': 1, 'order_status': 1, 'delivery': 1, 'stock_level': 1}",427120,0,7118.67,0.00,zipfian,0.9
3,RC,promoted,200,"{'num_warehouses': 25, 'num_districts_per_warehouse': 10, 'num_customers_per_district': 3000, 'num_orders_per_customer': 10, 'num_items_per_warehouse': 100000}",3000,0.7,"{'new_order': 1, 'payment': 1, 'order_status': 1, 'delivery': 1, 'stock_level': 1}",445130,0,7418.83,0.00,zipfian,0.9
4,RC,promoted,200,"{'num_warehouses': 25, 'num_districts_per_warehouse': 10, 'num_customers_per_district': 3000, 'num_orders_per_customer': 10, 'num_items_per_warehouse': 100000}",3000,0.7,"{'new_order': 1, 'payment': 1, 'order_status': 1, 'delivery': 1, 'stock_level': 1}",438154,0,7302.57,0.00,zipfian,0.9
0,SI,original,200,"{'num_warehouses': 25, 'num_districts_per_warehouse': 10, 'num_customers_per_district': 3000, 'num_orders_per_customer': 10, 'num_items_per_warehouse': 100000}",3000,0.7,"{'new_order': 1, 'payment': 1, 'order_status': 1, 'delivery': 1, 'stock_level': 1}",346963,1509855,5782.72,25164.25,zipfian,0.9
1,SI,original,200,"{'num_warehouses': 25, 'num_districts_per_warehouse': 10, 'num_customers_per_district': 3000, 'num_orders_per_customer': 10, 'num_items_per_warehouse': 100000}",3000,0.7,"{'new_order': 1, 'payment': 1, 'order_status': 1, 'delivery': 1, 'stock_level': 1}",368896,1569570,6148.27,26159.50,zipfian,0.9
2,SI,original,200,"{'num_warehouses': 25, 'num_districts_per_warehouse': 10, 'num_customers_per_district': 3000, 'num_orders_per_customer': 10, 'num_items_per_warehouse': 100000}",3000,0.7,"{'new_order': 1, 'payment': 1, 'order_status': 1, 'delivery': 1, 'stock_level': 1}",367448,1599492,6124.13,26658.20,zipfian,0.9
3,SI,original,200,"{'num_warehouses': 25, 'num_districts_per_warehouse': 10, 'num_customers_per_district': 3000, 'num_orders_per_customer': 10, 'num_items_per_warehouse': 100000}",3000,0.7,"{'new_order': 1, 'payment': 1, 'order_status': 1, 'delivery': 1, 'stock_level': 1}",363807,1591586,6063.45,26526.43,zipfian,0.9
4,SI,original,200,"{'num_warehouses': 25, 'num_districts_per_warehouse': 10, 'num_customers_per_district': 3000, 'num_orders_per_customer': 10, 'num_items_per_warehouse': 100000}",3000,0.7,"{'new_order': 1, 'payment': 1, 'order_status': 1, 'delivery': 1, 'stock_level': 1}",356754,1517307,5945.90,25288.45,zipfian,0.9
0,SSI,original,200,"{'num_warehouses': 25, 'num_districts_per_warehouse': 10, 'num_customers_per_district': 3000, 'num_orders_per_customer': 10, 'num_items_per_warehouse': 100000}",3000,0.7,"{'new_order': 1, 'payment': 1, 'order_status': 1, 'delivery': 1, 'stock_level': 1}",332992,1534026,5549.87,25567.10,zipfian,0.9
1,SSI,original,200,"{'num_warehouses': 25, 'num_districts_per_warehouse': 10, 'num_customers_per_district': 3000, 'num_orders_per_customer': 10, 'num_items_per_warehouse': 100000}",3000,0.7,"{'new_order': 1, 'payment': 1, 'order_status': 1, 'delivery': 1, 'stock_level': 1}",329936,1537557,5498.93,25625.95,zipfian,0.9
2,SSI,original,200,"{'num_warehouses': 25, 'num_districts_per_warehouse': 10, 'num_customers_per_district': 3000, 'num_orders_per_customer': 10, 'num_items_per_warehouse': 100000}",3000,0.7,"{'new_order': 1, 'payment': 1, 'order_status': 1, 'delivery': 1, 'stock_level': 1}",338302,1571737,5638.37,26195.62,zipfian,0.9
3,SSI,original,200,"{'num_warehouses': 25, 'num_districts_per_warehouse': 10, 'num_customers_per_district': 3000, 'num_orders_per_customer': 10, 'num_items_per_warehouse': 100000}",3000,0.7,"{'new_order': 1, 'payment': 1, 'order_status': 1, 'delivery': 1, 'stock_level': 1}",329794,1557114,5496.57,25951.90,zipfian,0.9
4,SSI,original,200,"{'num_warehouses': 25, 'num_districts_per_warehouse': 10, 'num_customers_per_district': 3000, 'num_orders_per_customer': 10, 'num_items_per_warehouse': 100000}",3000,0.7,"{'new_order': 1, 'payment': 1, 'order_status': 1, 'delivery': 1, 'stock_level': 1}",320774,1486834,5346.23,24780.57,zipfian,0.9
