test_id,isolation_level,implementation,num_clients,init_db_config,hotspot_size,hotspot_probability,distribution,transactions,aborts,throughput,abort_rate,distribution,wh_zipf_skew
0,RC,promoted,200,"{'num_warehouses': 1, 'num_districts_per_warehouse': 10, 'num_customers_per_district': 3000, 'num_orders_per_customer': 10, 'num_items_per_warehouse': 100000}",3000,0.7,"{'new_order': 1, 'payment': 1, 'order_status': 1, 'delivery': 1, 'stock_level': 1}",119929,0,1998.82,0.00,zipfian,0.0
1,RC,promoted,200,"{'num_warehouses': 1, 'num_districts_per_warehouse': 10, 'num_customers_per_district': 3000, 'num_orders_per_customer': 10, 'num_items_per_warehouse': 100000}",3000,0.7,"{'new_order': 1, 'payment': 1, 'order_status': 1, 'delivery': 1, 'stock_level': 1}",119967,0,1999.45,0.00,zipfian,0.0
2,RC,promoted,200,"{'num_warehouses': 1, 'num_districts_per_warehouse': 10, 'num_customers_per_district': 3000, 'num_orders_per_customer': 10, 'num_items_per_warehouse': 100000}",3000,0.7,"{'new_order': 1, 'payment': 1, 'order_status': 1, 'delivery': 1, 'stock_level': 1}",118067,0,1967.78,0.00,zipfian,0.0
3,RC,promoted,200,"{'num_warehouses': 1, 'num_districts_per_warehouse': 10, 'num_customers_per_district': 3000, 'num_orders_per_customer': 10, 'num_items_per_warehouse': 100000}",3000,0.7,"{'new_order': 1, 'payment': 1, 'order_status': 1, 'delivery': 1, 'stock_level': 1}",119225,0,1987.08,0.00,zipfian,0.0
4,RC,promoted,200,"{'num_warehouses': 1, 'num_districts_per_warehouse': 10, 'num_customers_per_district': 3000, 'num_orders_per_customer': 10, 'num_items_per_warehouse': 100000}",3000,0.7,"{'new_order': 1, 'payment': 1, 'order_status': 1, 'delivery': 1, 'stock_level': 1}",118050,0,1967.50,0.00,zipfian,0.0
0,SI,original,200,"{'num_warehouses': 1, 'num_districts_per_warehouse': 10, 'num_customers_per_district': 3000, 'num_orders_per_customer': 10, 'num_items_per_warehouse': 100000}",3000,0.7,"{'new_order': 1, 'payment': 1, 'order_status': 1, 'delivery': 1, 'stock_level': 1}",120351,2222818,2005.85,37046.97,zipfian,0.0
1,SI,original,200,"{'num_warehouses': 1, 'num_districts_per_warehouse': 10, 'num_customers_per_district': 3000, 'num_orders_per_customer': 10, 'num_items_per_warehouse': 100000}",3000,0.7,"{'new_order': 1, 'payment': 1, 'order_status': 1, 'delivery': 1, 'stock_level': 1}",119170,2205090,1986.17,36751.50,zipfian,0.0
2,SI,original,200,"{'num_warehouses': 1, 'num_districts_per_warehouse': 10, 'num_customers_per_district': 3000, 'num_orders_per_customer': 10, 'num_items_per_warehouse': 100000}",3000,0.7,"{'new_order': 1, 'payment': 1, 'order_status': 1, 'delivery': 1, 'stock_level': 1}",119706,2223577,1995.10,37059.62,zipfian,0.0
3,SI,original,200,"{'num_warehouses': 1, 'num_districts_per_warehouse': 10, 'num_customers_per_district': 3000, 'num_orders_per_customer': 10, 'num_items_per_warehouse': 100000}",3000,0.7,"{'new_order': 1, 'payment': 1, 'order_status': 1, 'delivery': 1, 'stock_level': 1}",117367,2178479,1956.12,36307.98,zipfian,0.0
4,SI,original,200,"{'num_warehouses': 1, 'num_districts_per_warehouse': 10, 'num_customers_per_district': 3000, 'num_orders_per_customer': 10, 'num_items_per_warehouse': 100000}",3000,0.7,"{'new_order': 1, 'payment': 1, 'order_status': 1, 'delivery': 1, 'stock_level': 1}",119356,2201568,1989.27,36692.80,zipfian,0.0
0,SSI,original,200,"{'num_warehouses': 1, 'num_districts_per_warehouse': 10, 'num_customers_per_district': 3000, 'num_orders_per_customer': 10, 'num_items_per_warehouse': 100000}",3000,0.7,"{'new_order': 1, 'payment': 1, 'order_status': 1, 'delivery': 1, 'stock_level': 1}",109702,2062799,1828.37,34379.98,zipfian,0.0
1,SSI,original,200,"{'num_warehouses': 1, 'num_districts_per_warehouse': 10, 'num_customers_per_district': 3000, 'num_orders_per_customer': 10, 'num_items_per_warehouse': 100000}",3000,0.7,"{'new_order': 1, 'payment': 1, 'order_status': 1, 'delivery': 1, 'stock_level': 1}",105150,1997607,1752.50,33293.45,zipfian,0.0
2,SSI,original,200,"{'num_warehouses': 1, 'num_districts_per_warehouse': 10, 'num_customers_per_district': 3000, 'num_orders_per_customer': 10, 'num_items_per_warehouse': 100000}",3000,0.7,"{'new_order': 1, 'payment': 1, 'order_status': 1, 'delivery': 1, 'stock_level': 1}",111412,2064980,1856.87,34416.33,zipfian,0.0
3,SSI,original,200,"{'num_warehouses': 1, 'num_districts_per_warehouse': 10, 'num_customers_per_district': 3000, 'num_orders_per_customer': 10, 'num_items_per_warehouse': 100000}",3000,0.7,"{'new_order': 1, 'payment': 1, 'order_status': 1, 'delivery': 1, 'stock_level': 1}",112806,2099617,1880.10,34993.62,zipfian,0.0
4,SSI,original,200,"{'num_warehouses': 1, 'num_districts_per_warehouse': 10, 'num_customers_per_district': 3000, 'num_orders_per_customer': 10, 'num_items_per_warehouse': 100000}",3000,0.7,"{'new_order': 1, 'payment': 1, 'order_status': 1, 'delivery': 1, 'stock_level': 1}",109831,2032997,1830.52,33883.28,zipfian,0.0
