test_id,isolation_level,implementation,num_clients,num_accounts,hotspot_size,hotspot_probability,distribution,transactions,aborts,throughput,abort_rate,distr_type
0,RC,original,200,18000,10,0.1,"{'balance': 0, 'deposit_checking': 1, 'transact_saving': 1, 'amalgamate': 1, 'write_check': 0, 'go_premium': 0}",1937748,54,32295.80,0.90,hotspot
1,RC,original,200,18000,10,0.1,"{'balance': 0, 'deposit_checking': 1, 'transact_saving': 1, 'amalgamate': 1, 'write_check': 0, 'go_premium': 0}",1927541,20,32125.68,0.33,hotspot
2,RC,original,200,18000,10,0.1,"{'balance': 0, 'deposit_checking': 1, 'transact_saving': 1, 'amalgamate': 1, 'write_check': 0, 'go_premium': 0}",1953328,28,32555.47,0.47,hotspot
3,RC,original,200,18000,10,0.1,"{'balance': 0, 'deposit_checking': 1, 'transact_saving': 1, 'amalgamate': 1, 'write_check': 0, 'go_premium': 0}",1938396,27,32306.60,0.45,hotspot
4,RC,original,200,18000,10,0.1,"{'balance': 0, 'deposit_checking': 1, 'transact_saving': 1, 'amalgamate': 1, 'write_check': 0, 'go_premium': 0}",1952886,27,32548.10,0.45,hotspot
0,SI,original,200,18000,10,0.1,"{'balance': 0, 'deposit_checking': 1, 'transact_saving': 1, 'amalgamate': 1, 'write_check': 0, 'go_premium': 0}",877812,912868,14630.20,15214.47,hotspot
1,SI,original,200,18000,10,0.1,"{'balance': 0, 'deposit_checking': 1, 'transact_saving': 1, 'amalgamate': 1, 'write_check': 0, 'go_premium': 0}",871956,909515,14532.60,15158.58,hotspot
2,SI,original,200,18000,10,0.1,"{'balance': 0, 'deposit_checking': 1, 'transact_saving': 1, 'amalgamate': 1, 'write_check': 0, 'go_premium': 0}",877252,916283,14620.87,15271.38,hotspot
3,SI,original,200,18000,10,0.1,"{'balance': 0, 'deposit_checking': 1, 'transact_saving': 1, 'amalgamate': 1, 'write_check': 0, 'go_premium': 0}",854377,880855,14239.62,14680.92,hotspot
4,SI,original,200,18000,10,0.1,"{'balance': 0, 'deposit_checking': 1, 'transact_saving': 1, 'amalgamate': 1, 'write_check': 0, 'go_premium': 0}",880851,930277,14680.85,15504.62,hotspot
0,SSI,original,200,18000,10,0.1,"{'balance': 0, 'deposit_checking': 1, 'transact_saving': 1, 'amalgamate': 1, 'write_check': 0, 'go_premium': 0}",855948,848351,14265.80,14139.18,hotspot
1,SSI,original,200,18000,10,0.1,"{'balance': 0, 'deposit_checking': 1, 'transact_saving': 1, 'amalgamate': 1, 'write_check': 0, 'go_premium': 0}",880851,862679,14680.85,14377.98,hotspot
2,SSI,original,200,18000,10,0.1,"{'balance': 0, 'deposit_checking': 1, 'transact_saving': 1, 'amalgamate': 1, 'write_check': 0, 'go_premium': 0}",882472,847600,14707.87,14126.67,hotspot
3,SSI,original,200,18000,10,0.1,"{'balance': 0, 'deposit_checking': 1, 'transact_saving': 1, 'amalgamate': 1, 'write_check': 0, 'go_premium': 0}",867613,854035,14460.22,14233.92,hotspot
4,SSI,original,200,18000,10,0.1,"{'balance': 0, 'deposit_checking': 1, 'transact_saving': 1, 'amalgamate': 1, 'write_check': 0, 'go_premium': 0}",875016,853090,14583.60,14218.17,hotspot
0,RC,original,200,18000,100,0.1,"{'balance': 0, 'deposit_checking': 1, 'transact_saving': 1, 'amalgamate': 1, 'write_check': 0, 'go_premium': 0}",2057009,0,34283.48,0.00,hotspot
1,RC,original,200,18000,100,0.1,"{'balance': 0, 'deposit_checking': 1, 'transact_saving': 1, 'amalgamate': 1, 'write_check': 0, 'go_premium': 0}",2030023,1,33833.72,0.02,hotspot
2,RC,original,200,18000,100,0.1,"{'balance': 0, 'deposit_checking': 1, 'transact_saving': 1, 'amalgamate': 1, 'write_check': 0, 'go_premium': 0}",2035788,0,33929.80,0.00,hotspot
3,RC,original,200,18000,100,0.1,"{'balance': 0, 'deposit_checking': 1, 'transact_saving': 1, 'amalgamate': 1, 'write_check': 0, 'go_premium': 0}",2040092,1,34001.53,0.02,hotspot
4,RC,original,200,18000,100,0.1,"{'balance': 0, 'deposit_checking': 1, 'transact_saving': 1, 'amalgamate': 1, 'write_check': 0, 'go_premium': 0}",2014769,0,33579.48,0.00,hotspot
0,SI,original,200,18000,100,0.1,"{'balance': 0, 'deposit_checking': 1, 'transact_saving': 1, 'amalgamate': 1, 'write_check': 0, 'go_premium': 0}",1991177,69638,33186.28,1160.63,hotspot
1,SI,original,200,18000,100,0.1,"{'balance': 0, 'deposit_checking': 1, 'transact_saving': 1, 'amalgamate': 1, 'write_check': 0, 'go_premium': 0}",1999342,70753,33322.37,1179.22,hotspot
2,SI,original,200,18000,100,0.1,"{'balance': 0, 'deposit_checking': 1, 'transact_saving': 1, 'amalgamate': 1, 'write_check': 0, 'go_premium': 0}",1999786,70627,33329.77,1177.12,hotspot
3,SI,original,200,18000,100,0.1,"{'balance': 0, 'deposit_checking': 1, 'transact_saving': 1, 'amalgamate': 1, 'write_check': 0, 'go_premium': 0}",1993794,70891,33229.90,1181.52,hotspot
4,SI,original,200,18000,100,0.1,"{'balance': 0, 'deposit_checking': 1, 'transact_saving': 1, 'amalgamate': 1, 'write_check': 0, 'go_premium': 0}",1959279,69540,32654.65,1159.00,hotspot
0,SSI,original,200,18000,100,0.1,"{'balance': 0, 'deposit_checking': 1, 'transact_saving': 1, 'amalgamate': 1, 'write_check': 0, 'go_premium': 0}",1924277,63377,32071.28,1056.28,hotspot
1,SSI,original,200,18000,100,0.1,"{'balance': 0, 'deposit_checking': 1, 'transact_saving': 1, 'amalgamate': 1, 'write_check': 0, 'go_premium': 0}",1915584,62604,31926.40,1043.40,hotspot
2,SSI,original,200,18000,100,0.1,"{'balance': 0, 'deposit_checking': 1, 'transact_saving': 1, 'amalgamate': 1, 'write_check': 0, 'go_premium': 0}",1904752,63068,31745.87,1051.13,hotspot
3,SSI,original,200,18000,100,0.1,"{'balance': 0, 'deposit_checking': 1, 'transact_saving': 1, 'amalgamate': 1, 'write_check': 0, 'go_premium': 0}",1936139,62799,32268.98,1046.65,hotspot
4,SSI,original,200,18000,100,0.1,"{'balance': 0, 'deposit_checking': 1, 'transact_saving': 1, 'amalgamate': 1, 'write_check': 0, 'go_premium': 0}",1890277,61482,31504.62,1024.70,hotspot
0,RC,original,200,18000,1000,0.1,"{'balance': 0, 'deposit_checking': 1, 'transact_saving': 1, 'amalgamate': 1, 'write_check': 0, 'go_premium': 0}",2030499,0,33841.65,0.00,hotspot
1,RC,original,200,18000,1000,0.1,"{'balance': 0, 'deposit_checking': 1, 'transact_saving': 1, 'amalgamate': 1, 'write_check': 0, 'go_premium': 0}",2056608,0,34276.80,0.00,hotspot
2,RC,original,200,18000,1000,0.1,"{'balance': 0, 'deposit_checking': 1, 'transact_saving': 1, 'amalgamate': 1, 'write_check': 0, 'go_premium': 0}",2015619,0,33593.65,0.00,hotspot
3,RC,original,200,18000,1000,0.1,"{'balance': 0, 'deposit_checking': 1, 'transact_saving': 1, 'amalgamate': 1, 'write_check': 0, 'go_premium': 0}",2038671,0,33977.85,0.00,hotspot
4,RC,original,200,18000,1000,0.1,"{'balance': 0, 'deposit_checking': 1, 'transact_saving': 1, 'amalgamate': 1, 'write_check': 0, 'go_premium': 0}",2034892,0,33914.87,0.00,hotspot
0,SI,original,200,18000,1000,0.1,"{'balance': 0, 'deposit_checking': 1, 'transact_saving': 1, 'amalgamate': 1, 'write_check': 0, 'go_premium': 0}",2045117,25057,34085.28,417.62,hotspot
1,SI,original,200,18000,1000,0.1,"{'balance': 0, 'deposit_checking': 1, 'transact_saving': 1, 'amalgamate': 1, 'write_check': 0, 'go_premium': 0}",2046522,25112,34108.70,418.53,hotspot
2,SI,original,200,18000,1000,0.1,"{'balance': 0, 'deposit_checking': 1, 'transact_saving': 1, 'amalgamate': 1, 'write_check': 0, 'go_premium': 0}",2015017,24745,33583.62,412.42,hotspot
3,SI,original,200,18000,1000,0.1,"{'balance': 0, 'deposit_checking': 1, 'transact_saving': 1, 'amalgamate': 1, 'write_check': 0, 'go_premium': 0}",2030553,24990,33842.55,416.50,hotspot
4,SI,original,200,18000,1000,0.1,"{'balance': 0, 'deposit_checking': 1, 'transact_saving': 1, 'amalgamate': 1, 'write_check': 0, 'go_premium': 0}",2052171,25360,34202.85,422.67,hotspot
0,SSI,original,200,18000,1000,0.1,"{'balance': 0, 'deposit_checking': 1, 'transact_saving': 1, 'amalgamate': 1, 'write_check': 0, 'go_premium': 0}",1953641,22697,32560.68,378.28,hotspot
1,SSI,original,200,18000,1000,0.1,"{'balance': 0, 'deposit_checking': 1, 'transact_saving': 1, 'amalgamate': 1, 'write_check': 0, 'go_premium': 0}",1971642,22202,32860.70,370.03,hotspot
2,SSI,original,200,18000,1000,0.1,"{'balance': 0, 'deposit_checking': 1, 'transact_saving': 1, 'amalgamate': 1, 'write_check': 0, 'go_premium': 0}",1957666,22441,32627.77,374.02,hotspot
3,SSI,original,200,18000,1000,0.1,"{'balance': 0, 'deposit_checking': 1, 'transact_saving': 1, 'amalgamate': 1, 'write_check': 0, 'go_premium': 0}",1946459,21891,32440.98,364.85,hotspot
4,SSI,original,200,18000,1000,0.1,"{'balance': 0, 'deposit_checking': 1, 'transact_saving': 1, 'amalgamate': 1, 'write_check': 0, 'go_premium': 0}",1963569,22203,32726.15,370.05,hotspot
0,RC,original,200,18000,10,0.3,"{'balance': 0, 'deposit_checking': 1, 'transact_saving': 1, 'amalgamate': 1, 'write_check': 0, 'go_premium': 0}",1111540,909,18525.67,15.15,hotspot
1,RC,original,200,18000,10,0.3,"{'balance': 0, 'deposit_checking': 1, 'transact_saving': 1, 'amalgamate': 1, 'write_check': 0, 'go_premium': 0}",1178422,962,19640.37,16.03,hotspot
2,RC,original,200,18000,10,0.3,"{'balance': 0, 'deposit_checking': 1, 'transact_saving': 1, 'amalgamate': 1, 'write_check': 0, 'go_premium': 0}",1167126,1053,19452.10,17.55,hotspot
3,RC,original,200,18000,10,0.3,"{'balance': 0, 'deposit_checking': 1, 'transact_saving': 1, 'amalgamate': 1, 'write_check': 0, 'go_premium': 0}",1152786,861,19213.10,14.35,hotspot
4,RC,original,200,18000,10,0.3,"{'balance': 0, 'deposit_checking': 1, 'transact_saving': 1, 'amalgamate': 1, 'write_check': 0, 'go_premium': 0}",1139220,1025,18987.00,17.08,hotspot
0,SI,original,200,18000,10,0.3,"{'balance': 0, 'deposit_checking': 1, 'transact_saving': 1, 'amalgamate': 1, 'write_check': 0, 'go_premium': 0}",313797,1267381,5229.95,21123.02,hotspot
1,SI,original,200,18000,10,0.3,"{'balance': 0, 'deposit_checking': 1, 'transact_saving': 1, 'amalgamate': 1, 'write_check': 0, 'go_premium': 0}",309099,1246297,5151.65,20771.62,hotspot
2,SI,original,200,18000,10,0.3,"{'balance': 0, 'deposit_checking': 1, 'transact_saving': 1, 'amalgamate': 1, 'write_check': 0, 'go_premium': 0}",316020,1262474,5267.00,21041.23,hotspot
3,SI,original,200,18000,10,0.3,"{'balance': 0, 'deposit_checking': 1, 'transact_saving': 1, 'amalgamate': 1, 'write_check': 0, 'go_premium': 0}",306503,1246528,5108.38,20775.47,hotspot
4,SI,original,200,18000,10,0.3,"{'balance': 0, 'deposit_checking': 1, 'transact_saving': 1, 'amalgamate': 1, 'write_check': 0, 'go_premium': 0}",312155,1274723,5202.58,21245.38,hotspot
0,SSI,original,200,18000,10,0.3,"{'balance': 0, 'deposit_checking': 1, 'transact_saving': 1, 'amalgamate': 1, 'write_check': 0, 'go_premium': 0}",318587,1245000,5309.78,20750.00,hotspot
1,SSI,original,200,18000,10,0.3,"{'balance': 0, 'deposit_checking': 1, 'transact_saving': 1, 'amalgamate': 1, 'write_check': 0, 'go_premium': 0}",307401,1209624,5123.35,20160.40,hotspot
2,SSI,original,200,18000,10,0.3,"{'balance': 0, 'deposit_checking': 1, 'transact_saving': 1, 'amalgamate': 1, 'write_check': 0, 'go_premium': 0}",329198,1248166,5486.63,20802.77,hotspot
3,SSI,original,200,18000,10,0.3,"{'balance': 0, 'deposit_checking': 1, 'transact_saving': 1, 'amalgamate': 1, 'write_check': 0, 'go_premium': 0}",307707,1210373,5128.45,20172.88,hotspot
4,SSI,original,200,18000,10,0.3,"{'balance': 0, 'deposit_checking': 1, 'transact_saving': 1, 'amalgamate': 1, 'write_check': 0, 'go_premium': 0}",311539,1219544,5192.32,20325.73,hotspot
0,RC,original,200,18000,100,0.3,"{'balance': 0, 'deposit_checking': 1, 'transact_saving': 1, 'amalgamate': 1, 'write_check': 0, 'go_premium': 0}",1992017,9,33200.28,0.15,hotspot
1,RC,original,200,18000,100,0.3,"{'balance': 0, 'deposit_checking': 1, 'transact_saving': 1, 'amalgamate': 1, 'write_check': 0, 'go_premium': 0}",1990108,13,33168.47,0.22,hotspot
2,RC,original,200,18000,100,0.3,"{'balance': 0, 'deposit_checking': 1, 'transact_saving': 1, 'amalgamate': 1, 'write_check': 0, 'go_premium': 0}",2040147,10,34002.45,0.17,hotspot
3,RC,original,200,18000,100,0.3,"{'balance': 0, 'deposit_checking': 1, 'transact_saving': 1, 'amalgamate': 1, 'write_check': 0, 'go_premium': 0}",1972383,9,32873.05,0.15,hotspot
4,RC,original,200,18000,100,0.3,"{'balance': 0, 'deposit_checking': 1, 'transact_saving': 1, 'amalgamate': 1, 'write_check': 0, 'go_premium': 0}",2016053,11,33600.88,0.18,hotspot
0,SI,original,200,18000,100,0.3,"{'balance': 0, 'deposit_checking': 1, 'transact_saving': 1, 'amalgamate': 1, 'write_check': 0, 'go_premium': 0}",1502131,450527,25035.52,7508.78,hotspot
1,SI,original,200,18000,100,0.3,"{'balance': 0, 'deposit_checking': 1, 'transact_saving': 1, 'amalgamate': 1, 'write_check': 0, 'go_premium': 0}",1468310,445416,24471.83,7423.60,hotspot
2,SI,original,200,18000,100,0.3,"{'balance': 0, 'deposit_checking': 1, 'transact_saving': 1, 'amalgamate': 1, 'write_check': 0, 'go_premium': 0}",1501878,453612,25031.30,7560.20,hotspot
3,SI,original,200,18000,100,0.3,"{'balance': 0, 'deposit_checking': 1, 'transact_saving': 1, 'amalgamate': 1, 'write_check': 0, 'go_premium': 0}",1479022,448612,24650.37,7476.87,hotspot
4,SI,original,200,18000,100,0.3,"{'balance': 0, 'deposit_checking': 1, 'transact_saving': 1, 'amalgamate': 1, 'write_check': 0, 'go_premium': 0}",1486236,447667,24770.60,7461.12,hotspot
0,SSI,original,200,18000,100,0.3,"{'balance': 0, 'deposit_checking': 1, 'transact_saving': 1, 'amalgamate': 1, 'write_check': 0, 'go_premium': 0}",1477248,420983,24620.80,7016.38,hotspot
1,SSI,original,200,18000,100,0.3,"{'balance': 0, 'deposit_checking': 1, 'transact_saving': 1, 'amalgamate': 1, 'write_check': 0, 'go_premium': 0}",1466327,414850,24438.78,6914.17,hotspot
2,SSI,original,200,18000,100,0.3,"{'balance': 0, 'deposit_checking': 1, 'transact_saving': 1, 'amalgamate': 1, 'write_check': 0, 'go_premium': 0}",1488403,419513,24806.72,6991.88,hotspot
3,SSI,original,200,18000,100,0.3,"{'balance': 0, 'deposit_checking': 1, 'transact_saving': 1, 'amalgamate': 1, 'write_check': 0, 'go_premium': 0}",1471552,416366,24525.87,6939.43,hotspot
4,SSI,original,200,18000,100,0.3,"{'balance': 0, 'deposit_checking': 1, 'transact_saving': 1, 'amalgamate': 1, 'write_check': 0, 'go_premium': 0}",1459950,414041,24332.50,6900.68,hotspot
0,RC,original,200,18000,1000,0.3,"{'balance': 0, 'deposit_checking': 1, 'transact_saving': 1, 'amalgamate': 1, 'write_check': 0, 'go_premium': 0}",2037186,2,33953.10,0.03,hotspot
1,RC,original,200,18000,1000,0.3,"{'balance': 0, 'deposit_checking': 1, 'transact_saving': 1, 'amalgamate': 1, 'write_check': 0, 'go_premium': 0}",2026187,0,33769.78,0.00,hotspot
2,RC,original,200,18000,1000,0.3,"{'balance': 0, 'deposit_checking': 1, 'transact_saving': 1, 'amalgamate': 1, 'write_check': 0, 'go_premium': 0}",2040945,0,34015.75,0.00,hotspot
3,RC,original,200,18000,1000,0.3,"{'balance': 0, 'deposit_checking': 1, 'transact_saving': 1, 'amalgamate': 1, 'write_check': 0, 'go_premium': 0}",2014889,0,33581.48,0.00,hotspot
4,RC,original,200,18000,1000,0.3,"{'balance': 0, 'deposit_checking': 1, 'transact_saving': 1, 'amalgamate': 1, 'write_check': 0, 'go_premium': 0}",2042781,0,34046.35,0.00,hotspot
0,SI,original,200,18000,1000,0.3,"{'balance': 0, 'deposit_checking': 1, 'transact_saving': 1, 'amalgamate': 1, 'write_check': 0, 'go_premium': 0}",2011551,52387,33525.85,873.12,hotspot
1,SI,original,200,18000,1000,0.3,"{'balance': 0, 'deposit_checking': 1, 'transact_saving': 1, 'amalgamate': 1, 'write_check': 0, 'go_premium': 0}",2012057,52395,33534.28,873.25,hotspot
2,SI,original,200,18000,1000,0.3,"{'balance': 0, 'deposit_checking': 1, 'transact_saving': 1, 'amalgamate': 1, 'write_check': 0, 'go_premium': 0}",2031145,53262,33852.42,887.70,hotspot
3,SI,original,200,18000,1000,0.3,"{'balance': 0, 'deposit_checking': 1, 'transact_saving': 1, 'amalgamate': 1, 'write_check': 0, 'go_premium': 0}",2007441,52291,33457.35,871.52,hotspot
4,SI,original,200,18000,1000,0.3,"{'balance': 0, 'deposit_checking': 1, 'transact_saving': 1, 'amalgamate': 1, 'write_check': 0, 'go_premium': 0}",2003205,52371,33386.75,872.85,hotspot
0,SSI,original,200,18000,1000,0.3,"{'balance': 0, 'deposit_checking': 1, 'transact_saving': 1, 'amalgamate': 1, 'write_check': 0, 'go_premium': 0}",1935444,47167,32257.40,786.12,hotspot
1,SSI,original,200,18000,1000,0.3,"{'balance': 0, 'deposit_checking': 1, 'transact_saving': 1, 'amalgamate': 1, 'write_check': 0, 'go_premium': 0}",1921651,46447,32027.52,774.12,hotspot
2,SSI,original,200,18000,1000,0.3,"{'balance': 0, 'deposit_checking': 1, 'transact_saving': 1, 'amalgamate': 1, 'write_check': 0, 'go_premium': 0}",1930294,46547,32171.57,775.78,hotspot
3,SSI,original,200,18000,1000,0.3,"{'balance': 0, 'deposit_checking': 1, 'transact_saving': 1, 'amalgamate': 1, 'write_check': 0, 'go_premium': 0}",1940722,47503,32345.37,791.72,hotspot
4,SSI,original,200,18000,1000,0.3,"{'balance': 0, 'deposit_checking': 1, 'transact_saving': 1, 'amalgamate': 1, 'write_check': 0, 'go_premium': 0}",1937089,46655,32284.82,777.58,hotspot
0,RC,original,200,18000,10,0.5,"{'balance': 0, 'deposit_checking': 1, 'transact_saving': 1, 'amalgamate': 1, 'write_check': 0, 'go_premium': 0}",404081,1952,6734.68,32.53,hotspot
1,RC,original,200,18000,10,0.5,"{'balance': 0, 'deposit_checking': 1, 'transact_saving': 1, 'amalgamate': 1, 'write_check': 0, 'go_premium': 0}",397985,2030,6633.08,33.83,hotspot
2,RC,original,200,18000,10,0.5,"{'balance': 0, 'deposit_checking': 1, 'transact_saving': 1, 'amalgamate': 1, 'write_check': 0, 'go_premium': 0}",434785,1881,7246.42,31.35,hotspot
3,RC,original,200,18000,10,0.5,"{'balance': 0, 'deposit_checking': 1, 'transact_saving': 1, 'amalgamate': 1, 'write_check': 0, 'go_premium': 0}",418834,2063,6980.57,34.38,hotspot
4,RC,original,200,18000,10,0.5,"{'balance': 0, 'deposit_checking': 1, 'transact_saving': 1, 'amalgamate': 1, 'write_check': 0, 'go_premium': 0}",432092,1818,7201.53,30.30,hotspot
0,SI,original,200,18000,10,0.5,"{'balance': 0, 'deposit_checking': 1, 'transact_saving': 1, 'amalgamate': 1, 'write_check': 0, 'go_premium': 0}",178378,1257093,2972.97,20951.55,hotspot
1,SI,original,200,18000,10,0.5,"{'balance': 0, 'deposit_checking': 1, 'transact_saving': 1, 'amalgamate': 1, 'write_check': 0, 'go_premium': 0}",168137,1185786,2802.28,19763.10,hotspot
2,SI,original,200,18000,10,0.5,"{'balance': 0, 'deposit_checking': 1, 'transact_saving': 1, 'amalgamate': 1, 'write_check': 0, 'go_premium': 0}",176583,1244986,2943.05,20749.77,hotspot
3,SI,original,200,18000,10,0.5,"{'balance': 0, 'deposit_checking': 1, 'transact_saving': 1, 'amalgamate': 1, 'write_check': 0, 'go_premium': 0}",176385,1248891,2939.75,20814.85,hotspot
4,SI,original,200,18000,10,0.5,"{'balance': 0, 'deposit_checking': 1, 'transact_saving': 1, 'amalgamate': 1, 'write_check': 0, 'go_premium': 0}",174073,1219144,2901.22,20319.07,hotspot
0,SSI,original,200,18000,10,0.5,"{'balance': 0, 'deposit_checking': 1, 'transact_saving': 1, 'amalgamate': 1, 'write_check': 0, 'go_premium': 0}",180335,1212600,3005.58,20210.00,hotspot
1,SSI,original,200,18000,10,0.5,"{'balance': 0, 'deposit_checking': 1, 'transact_saving': 1, 'amalgamate': 1, 'write_check': 0, 'go_premium': 0}",179133,1207774,2985.55,20129.57,hotspot
2,SSI,original,200,18000,10,0.5,"{'balance': 0, 'deposit_checking': 1, 'transact_saving': 1, 'amalgamate': 1, 'write_check': 0, 'go_premium': 0}",177244,1192677,2954.07,19877.95,hotspot
3,SSI,original,200,18000,10,0.5,"{'balance': 0, 'deposit_checking': 1, 'transact_saving': 1, 'amalgamate': 1, 'write_check': 0, 'go_premium': 0}",182737,1243744,3045.62,20729.07,hotspot
4,SSI,original,200,18000,10,0.5,"{'balance': 0, 'deposit_checking': 1, 'transact_saving': 1, 'amalgamate': 1, 'write_check': 0, 'go_premium': 0}",172815,1177440,2880.25,19624.00,hotspot
0,RC,original,200,18000,100,0.5,"{'balance': 0, 'deposit_checking': 1, 'transact_saving': 1, 'amalgamate': 1, 'write_check': 0, 'go_premium': 0}",1948578,92,32476.30,1.53,hotspot
1,RC,original,200,18000,100,0.5,"{'balance': 0, 'deposit_checking': 1, 'transact_saving': 1, 'amalgamate': 1, 'write_check': 0, 'go_premium': 0}",1936000,83,32266.67,1.38,hotspot
2,RC,original,200,18000,100,0.5,"{'balance': 0, 'deposit_checking': 1, 'transact_saving': 1, 'amalgamate': 1, 'write_check': 0, 'go_premium': 0}",1957255,100,32620.92,1.67,hotspot
3,RC,original,200,18000,100,0.5,"{'balance': 0, 'deposit_checking': 1, 'transact_saving': 1, 'amalgamate': 1, 'write_check': 0, 'go_premium': 0}",1939355,85,32322.58,1.42,hotspot
4,RC,original,200,18000,100,0.5,"{'balance': 0, 'deposit_checking': 1, 'transact_saving': 1, 'amalgamate': 1, 'write_check': 0, 'go_premium': 0}",1975665,87,32927.75,1.45,hotspot
0,SI,original,200,18000,100,0.5,"{'balance': 0, 'deposit_checking': 1, 'transact_saving': 1, 'amalgamate': 1, 'write_check': 0, 'go_premium': 0}",1015511,793332,16925.18,13222.20,hotspot
1,SI,original,200,18000,100,0.5,"{'balance': 0, 'deposit_checking': 1, 'transact_saving': 1, 'amalgamate': 1, 'write_check': 0, 'go_premium': 0}",1036410,815726,17273.50,13595.43,hotspot
2,SI,original,200,18000,100,0.5,"{'balance': 0, 'deposit_checking': 1, 'transact_saving': 1, 'amalgamate': 1, 'write_check': 0, 'go_premium': 0}",1006682,779935,16778.03,12998.92,hotspot
3,SI,original,200,18000,100,0.5,"{'balance': 0, 'deposit_checking': 1, 'transact_saving': 1, 'amalgamate': 1, 'write_check': 0, 'go_premium': 0}",1034659,817399,17244.32,13623.32,hotspot
4,SI,original,200,18000,100,0.5,"{'balance': 0, 'deposit_checking': 1, 'transact_saving': 1, 'amalgamate': 1, 'write_check': 0, 'go_premium': 0}",1024014,801575,17066.90,13359.58,hotspot
0,SSI,original,200,18000,100,0.5,"{'balance': 0, 'deposit_checking': 1, 'transact_saving': 1, 'amalgamate': 1, 'write_check': 0, 'go_premium': 0}",1015408,754733,16923.47,12578.88,hotspot
1,SSI,original,200,18000,100,0.5,"{'balance': 0, 'deposit_checking': 1, 'transact_saving': 1, 'amalgamate': 1, 'write_check': 0, 'go_premium': 0}",1015454,765174,16924.23,12752.90,hotspot
2,SSI,original,200,18000,100,0.5,"{'balance': 0, 'deposit_checking': 1, 'transact_saving': 1, 'amalgamate': 1, 'write_check': 0, 'go_premium': 0}",1015256,760889,16920.93,12681.48,hotspot
3,SSI,original,200,18000,100,0.5,"{'balance': 0, 'deposit_checking': 1, 'transact_saving': 1, 'amalgamate': 1, 'write_check': 0, 'go_premium': 0}",1017867,758421,16964.45,12640.35,hotspot
4,SSI,original,200,18000,100,0.5,"{'balance': 0, 'deposit_checking': 1, 'transact_saving': 1, 'amalgamate': 1, 'write_check': 0, 'go_premium': 0}",1049546,779099,17492.43,12984.98,hotspot
0,RC,original,200,18000,1000,0.5,"{'balance': 0, 'deposit_checking': 1, 'transact_saving': 1, 'amalgamate': 1, 'write_check': 0, 'go_premium': 0}",2025404,0,33756.73,0.00,hotspot
1,RC,original,200,18000,1000,0.5,"{'balance': 0, 'deposit_checking': 1, 'transact_saving': 1, 'amalgamate': 1, 'write_check': 0, 'go_premium': 0}",2052626,1,34210.43,0.02,hotspot
2,RC,original,200,18000,1000,0.5,"{'balance': 0, 'deposit_checking': 1, 'transact_saving': 1, 'amalgamate': 1, 'write_check': 0, 'go_premium': 0}",2026164,0,33769.40,0.00,hotspot
3,RC,original,200,18000,1000,0.5,"{'balance': 0, 'deposit_checking': 1, 'transact_saving': 1, 'amalgamate': 1, 'write_check': 0, 'go_premium': 0}",2012679,0,33544.65,0.00,hotspot
4,RC,original,200,18000,1000,0.5,"{'balance': 0, 'deposit_checking': 1, 'transact_saving': 1, 'amalgamate': 1, 'write_check': 0, 'go_premium': 0}",2037499,1,33958.32,0.02,hotspot
0,SI,original,200,18000,1000,0.5,"{'balance': 0, 'deposit_checking': 1, 'transact_saving': 1, 'amalgamate': 1, 'write_check': 0, 'go_premium': 0}",1933161,115191,32219.35,1919.85,hotspot
1,SI,original,200,18000,1000,0.5,"{'balance': 0, 'deposit_checking': 1, 'transact_saving': 1, 'amalgamate': 1, 'write_check': 0, 'go_premium': 0}",1951217,115127,32520.28,1918.78,hotspot
2,SI,original,200,18000,1000,0.5,"{'balance': 0, 'deposit_checking': 1, 'transact_saving': 1, 'amalgamate': 1, 'write_check': 0, 'go_premium': 0}",1922838,114373,32047.30,1906.22,hotspot
3,SI,original,200,18000,1000,0.5,"{'balance': 0, 'deposit_checking': 1, 'transact_saving': 1, 'amalgamate': 1, 'write_check': 0, 'go_premium': 0}",1944143,115037,32402.38,1917.28,hotspot
4,SI,original,200,18000,1000,0.5,"{'balance': 0, 'deposit_checking': 1, 'transact_saving': 1, 'amalgamate': 1, 'write_check': 0, 'go_premium': 0}",1937485,115108,32291.42,1918.47,hotspot
0,SSI,original,200,18000,1000,0.5,"{'balance': 0, 'deposit_checking': 1, 'transact_saving': 1, 'amalgamate': 1, 'write_check': 0, 'go_premium': 0}",1869770,103330,31162.83,1722.17,hotspot
1,SSI,original,200,18000,1000,0.5,"{'balance': 0, 'deposit_checking': 1, 'transact_saving': 1, 'amalgamate': 1, 'write_check': 0, 'go_premium': 0}",1881872,103770,31364.53,1729.50,hotspot
2,SSI,original,200,18000,1000,0.5,"{'balance': 0, 'deposit_checking': 1, 'transact_saving': 1, 'amalgamate': 1, 'write_check': 0, 'go_premium': 0}",1864442,103105,31074.03,1718.42,hotspot
3,SSI,original,200,18000,1000,0.5,"{'balance': 0, 'deposit_checking': 1, 'transact_saving': 1, 'amalgamate': 1, 'write_check': 0, 'go_premium': 0}",1850338,103097,30838.97,1718.28,hotspot
4,SSI,original,200,18000,1000,0.5,"{'balance': 0, 'deposit_checking': 1, 'transact_saving': 1, 'amalgamate': 1, 'write_check': 0, 'go_premium': 0}",1862233,104023,31037.22,1733.72,hotspot
0,RC,original,200,18000,10,0.7,"{'balance': 0, 'deposit_checking': 1, 'transact_saving': 1, 'amalgamate': 1, 'write_check': 0, 'go_premium': 0}",173096,2095,2884.93,34.92,hotspot
1,RC,original,200,18000,10,0.7,"{'balance': 0, 'deposit_checking': 1, 'transact_saving': 1, 'amalgamate': 1, 'write_check': 0, 'go_premium': 0}",160396,2085,2673.27,34.75,hotspot
2,RC,original,200,18000,10,0.7,"{'balance': 0, 'deposit_checking': 1, 'transact_saving': 1, 'amalgamate': 1, 'write_check': 0, 'go_premium': 0}",172267,2145,2871.12,35.75,hotspot
3,RC,original,200,18000,10,0.7,"{'balance': 0, 'deposit_checking': 1, 'transact_saving': 1, 'amalgamate': 1, 'write_check': 0, 'go_premium': 0}",180194,2050,3003.23,34.17,hotspot
4,RC,original,200,18000,10,0.7,"{'balance': 0, 'deposit_checking': 1, 'transact_saving': 1, 'amalgamate': 1, 'write_check': 0, 'go_premium': 0}",175732,2099,2928.87,34.98,hotspot
0,SI,original,200,18000,10,0.7,"{'balance': 0, 'deposit_checking': 1, 'transact_saving': 1, 'amalgamate': 1, 'write_check': 0, 'go_premium': 0}",120259,1201866,2004.32,20031.10,hotspot
1,SI,original,200,18000,10,0.7,"{'balance': 0, 'deposit_checking': 1, 'transact_saving': 1, 'amalgamate': 1, 'write_check': 0, 'go_premium': 0}",115306,1146999,1921.77,19116.65,hotspot
2,SI,original,200,18000,10,0.7,"{'balance': 0, 'deposit_checking': 1, 'transact_saving': 1, 'amalgamate': 1, 'write_check': 0, 'go_premium': 0}",122886,1224341,2048.10,20405.68,hotspot
3,SI,original,200,18000,10,0.7,"{'balance': 0, 'deposit_checking': 1, 'transact_saving': 1, 'amalgamate': 1, 'write_check': 0, 'go_premium': 0}",117082,1155461,1951.37,19257.68,hotspot
4,SI,original,200,18000,10,0.7,"{'balance': 0, 'deposit_checking': 1, 'transact_saving': 1, 'amalgamate': 1, 'write_check': 0, 'go_premium': 0}",125052,1220203,2084.20,20336.72,hotspot
0,SSI,original,200,18000,10,0.7,"{'balance': 0, 'deposit_checking': 1, 'transact_saving': 1, 'amalgamate': 1, 'write_check': 0, 'go_premium': 0}",116093,1127537,1934.88,18792.28,hotspot
1,SSI,original,200,18000,10,0.7,"{'balance': 0, 'deposit_checking': 1, 'transact_saving': 1, 'amalgamate': 1, 'write_check': 0, 'go_premium': 0}",113904,1113274,1898.40,18554.57,hotspot
2,SSI,original,200,18000,10,0.7,"{'balance': 0, 'deposit_checking': 1, 'transact_saving': 1, 'amalgamate': 1, 'write_check': 0, 'go_premium': 0}",127624,1189666,2127.07,19827.77,hotspot
3,SSI,original,200,18000,10,0.7,"{'balance': 0, 'deposit_checking': 1, 'transact_saving': 1, 'amalgamate': 1, 'write_check': 0, 'go_premium': 0}",114809,1103846,1913.48,18397.43,hotspot
4,SSI,original,200,18000,10,0.7,"{'balance': 0, 'deposit_checking': 1, 'transact_saving': 1, 'amalgamate': 1, 'write_check': 0, 'go_premium': 0}",121123,1143921,2018.72,19065.35,hotspot
0,RC,original,200,18000,100,0.7,"{'balance': 0, 'deposit_checking': 1, 'transact_saving': 1, 'amalgamate': 1, 'write_check': 0, 'go_premium': 0}",1792893,416,29881.55,6.93,hotspot
1,RC,original,200,18000,100,0.7,"{'balance': 0, 'deposit_checking': 1, 'transact_saving': 1, 'amalgamate': 1, 'write_check': 0, 'go_premium': 0}",1792018,388,29866.97,6.47,hotspot
2,RC,original,200,18000,100,0.7,"{'balance': 0, 'deposit_checking': 1, 'transact_saving': 1, 'amalgamate': 1, 'write_check': 0, 'go_premium': 0}",1805801,430,30096.68,7.17,hotspot
3,RC,original,200,18000,100,0.7,"{'balance': 0, 'deposit_checking': 1, 'transact_saving': 1, 'amalgamate': 1, 'write_check': 0, 'go_premium': 0}",1784698,432,29744.97,7.20,hotspot
4,RC,original,200,18000,100,0.7,"{'balance': 0, 'deposit_checking': 1, 'transact_saving': 1, 'amalgamate': 1, 'write_check': 0, 'go_premium': 0}",1807874,469,30131.23,7.82,hotspot
0,SI,original,200,18000,100,0.7,"{'balance': 0, 'deposit_checking': 1, 'transact_saving': 1, 'amalgamate': 1, 'write_check': 0, 'go_premium': 0}",747759,984319,12462.65,16405.32,hotspot
1,SI,original,200,18000,100,0.7,"{'balance': 0, 'deposit_checking': 1, 'transact_saving': 1, 'amalgamate': 1, 'write_check': 0, 'go_premium': 0}",746200,979792,12436.67,16329.87,hotspot
2,SI,original,200,18000,100,0.7,"{'balance': 0, 'deposit_checking': 1, 'transact_saving': 1, 'amalgamate': 1, 'write_check': 0, 'go_premium': 0}",756654,1011213,12610.90,16853.55,hotspot
3,SI,original,200,18000,100,0.7,"{'balance': 0, 'deposit_checking': 1, 'transact_saving': 1, 'amalgamate': 1, 'write_check': 0, 'go_premium': 0}",738121,969435,12302.02,16157.25,hotspot
4,SI,original,200,18000,100,0.7,"{'balance': 0, 'deposit_checking': 1, 'transact_saving': 1, 'amalgamate': 1, 'write_check': 0, 'go_premium': 0}",762640,1019500,12710.67,16991.67,hotspot
0,SSI,original,200,18000,100,0.7,"{'balance': 0, 'deposit_checking': 1, 'transact_saving': 1, 'amalgamate': 1, 'write_check': 0, 'go_premium': 0}",737110,940651,12285.17,15677.52,hotspot
1,SSI,original,200,18000,100,0.7,"{'balance': 0, 'deposit_checking': 1, 'transact_saving': 1, 'amalgamate': 1, 'write_check': 0, 'go_premium': 0}",760473,979721,12674.55,16328.68,hotspot
2,SSI,original,200,18000,100,0.7,"{'balance': 0, 'deposit_checking': 1, 'transact_saving': 1, 'amalgamate': 1, 'write_check': 0, 'go_premium': 0}",749680,965298,12494.67,16088.30,hotspot
3,SSI,original,200,18000,100,0.7,"{'balance': 0, 'deposit_checking': 1, 'transact_saving': 1, 'amalgamate': 1, 'write_check': 0, 'go_premium': 0}",752564,964440,12542.73,16074.00,hotspot
4,SSI,original,200,18000,100,0.7,"{'balance': 0, 'deposit_checking': 1, 'transact_saving': 1, 'amalgamate': 1, 'write_check': 0, 'go_premium': 0}",736220,941073,12270.33,15684.55,hotspot
0,RC,original,200,18000,1000,0.7,"{'balance': 0, 'deposit_checking': 1, 'transact_saving': 1, 'amalgamate': 1, 'write_check': 0, 'go_premium': 0}",2061703,2,34361.72,0.03,hotspot
1,RC,original,200,18000,1000,0.7,"{'balance': 0, 'deposit_checking': 1, 'transact_saving': 1, 'amalgamate': 1, 'write_check': 0, 'go_premium': 0}",2018406,2,33640.10,0.03,hotspot
2,RC,original,200,18000,1000,0.7,"{'balance': 0, 'deposit_checking': 1, 'transact_saving': 1, 'amalgamate': 1, 'write_check': 0, 'go_premium': 0}",2038918,0,33981.97,0.00,hotspot
3,RC,original,200,18000,1000,0.7,"{'balance': 0, 'deposit_checking': 1, 'transact_saving': 1, 'amalgamate': 1, 'write_check': 0, 'go_premium': 0}",2036975,2,33949.58,0.03,hotspot
4,RC,original,200,18000,1000,0.7,"{'balance': 0, 'deposit_checking': 1, 'transact_saving': 1, 'amalgamate': 1, 'write_check': 0, 'go_premium': 0}",2014661,2,33577.68,0.03,hotspot
0,SI,original,200,18000,1000,0.7,"{'balance': 0, 'deposit_checking': 1, 'transact_saving': 1, 'amalgamate': 1, 'write_check': 0, 'go_premium': 0}",1836574,205155,30609.57,3419.25,hotspot
1,SI,original,200,18000,1000,0.7,"{'balance': 0, 'deposit_checking': 1, 'transact_saving': 1, 'amalgamate': 1, 'write_check': 0, 'go_premium': 0}",1813156,202527,30219.27,3375.45,hotspot
2,SI,original,200,18000,1000,0.7,"{'balance': 0, 'deposit_checking': 1, 'transact_saving': 1, 'amalgamate': 1, 'write_check': 0, 'go_premium': 0}",1827145,204681,30452.42,3411.35,hotspot
3,SI,original,200,18000,1000,0.7,"{'balance': 0, 'deposit_checking': 1, 'transact_saving': 1, 'amalgamate': 1, 'write_check': 0, 'go_premium': 0}",1825515,202729,30425.25,3378.82,hotspot
4,SI,original,200,18000,1000,0.7,"{'balance': 0, 'deposit_checking': 1, 'transact_saving': 1, 'amalgamate': 1, 'write_check': 0, 'go_premium': 0}",1798084,200335,29968.07,3338.92,hotspot
0,SSI,original,200,18000,1000,0.7,"{'balance': 0, 'deposit_checking': 1, 'transact_saving': 1, 'amalgamate': 1, 'write_check': 0, 'go_premium': 0}",1784071,185266,29734.52,3087.77,hotspot
1,SSI,original,200,18000,1000,0.7,"{'balance': 0, 'deposit_checking': 1, 'transact_saving': 1, 'amalgamate': 1, 'write_check': 0, 'go_premium': 0}",1779374,184270,29656.23,3071.17,hotspot
2,SSI,original,200,18000,1000,0.7,"{'balance': 0, 'deposit_checking': 1, 'transact_saving': 1, 'amalgamate': 1, 'write_check': 0, 'go_premium': 0}",1738554,183635,28975.90,3060.58,hotspot
3,SSI,original,200,18000,1000,0.7,"{'balance': 0, 'deposit_checking': 1, 'transact_saving': 1, 'amalgamate': 1, 'write_check': 0, 'go_premium': 0}",1783674,185172,29727.90,3086.20,hotspot
4,SSI,original,200,18000,1000,0.7,"{'balance': 0, 'deposit_checking': 1, 'transact_saving': 1, 'amalgamate': 1, 'write_check': 0, 'go_premium': 0}",1770974,186978,29516.23,3116.30,hotspot
0,RC,original,200,18000,10,0.9,"{'balance': 0, 'deposit_checking': 1, 'transact_saving': 1, 'amalgamate': 1, 'write_check': 0, 'go_premium': 0}",90192,2016,1503.20,33.60,hotspot
1,RC,original,200,18000,10,0.9,"{'balance': 0, 'deposit_checking': 1, 'transact_saving': 1, 'amalgamate': 1, 'write_check': 0, 'go_premium': 0}",85746,2066,1429.10,34.43,hotspot
2,RC,original,200,18000,10,0.9,"{'balance': 0, 'deposit_checking': 1, 'transact_saving': 1, 'amalgamate': 1, 'write_check': 0, 'go_premium': 0}",87837,2031,1463.95,33.85,hotspot
3,RC,original,200,18000,10,0.9,"{'balance': 0, 'deposit_checking': 1, 'transact_saving': 1, 'amalgamate': 1, 'write_check': 0, 'go_premium': 0}",80929,1970,1348.82,32.83,hotspot
4,RC,original,200,18000,10,0.9,"{'balance': 0, 'deposit_checking': 1, 'transact_saving': 1, 'amalgamate': 1, 'write_check': 0, 'go_premium': 0}",84032,2045,1400.53,34.08,hotspot
0,SI,original,200,18000,10,0.9,"{'balance': 0, 'deposit_checking': 1, 'transact_saving': 1, 'amalgamate': 1, 'write_check': 0, 'go_premium': 0}",84554,1083353,1409.23,18055.88,hotspot
1,SI,original,200,18000,10,0.9,"{'balance': 0, 'deposit_checking': 1, 'transact_saving': 1, 'amalgamate': 1, 'write_check': 0, 'go_premium': 0}",83978,1093139,1399.63,18218.98,hotspot
2,SI,original,200,18000,10,0.9,"{'balance': 0, 'deposit_checking': 1, 'transact_saving': 1, 'amalgamate': 1, 'write_check': 0, 'go_premium': 0}",85695,1118935,1428.25,18648.92,hotspot
3,SI,original,200,18000,10,0.9,"{'balance': 0, 'deposit_checking': 1, 'transact_saving': 1, 'amalgamate': 1, 'write_check': 0, 'go_premium': 0}",86351,1106632,1439.18,18443.87,hotspot
4,SI,original,200,18000,10,0.9,"{'balance': 0, 'deposit_checking': 1, 'transact_saving': 1, 'amalgamate': 1, 'write_check': 0, 'go_premium': 0}",82970,1084186,1382.83,18069.77,hotspot
0,SSI,original,200,18000,10,0.9,"{'balance': 0, 'deposit_checking': 1, 'transact_saving': 1, 'amalgamate': 1, 'write_check': 0, 'go_premium': 0}",84092,1071620,1401.53,17860.33,hotspot
1,SSI,original,200,18000,10,0.9,"{'balance': 0, 'deposit_checking': 1, 'transact_saving': 1, 'amalgamate': 1, 'write_check': 0, 'go_premium': 0}",84489,1021868,1408.15,17031.13,hotspot
2,SSI,original,200,18000,10,0.9,"{'balance': 0, 'deposit_checking': 1, 'transact_saving': 1, 'amalgamate': 1, 'write_check': 0, 'go_premium': 0}",86789,1077542,1446.48,17959.03,hotspot
3,SSI,original,200,18000,10,0.9,"{'balance': 0, 'deposit_checking': 1, 'transact_saving': 1, 'amalgamate': 1, 'write_check': 0, 'go_premium': 0}",86421,1042876,1440.35,17381.27,hotspot
4,SSI,original,200,18000,10,0.9,"{'balance': 0, 'deposit_checking': 1, 'transact_saving': 1, 'amalgamate': 1, 'write_check': 0, 'go_premium': 0}",85830,1028420,1430.50,17140.33,hotspot
0,RC,original,200,18000,100,0.9,"{'balance': 0, 'deposit_checking': 1, 'transact_saving': 1, 'amalgamate': 1, 'write_check': 0, 'go_premium': 0}",1327611,1241,22126.85,20.68,hotspot
1,RC,original,200,18000,100,0.9,"{'balance': 0, 'deposit_checking': 1, 'transact_saving': 1, 'amalgamate': 1, 'write_check': 0, 'go_premium': 0}",1390630,1127,23177.17,18.78,hotspot
2,RC,original,200,18000,100,0.9,"{'balance': 0, 'deposit_checking': 1, 'transact_saving': 1, 'amalgamate': 1, 'write_check': 0, 'go_premium': 0}",1395858,1134,23264.30,18.90,hotspot
3,RC,original,200,18000,100,0.9,"{'balance': 0, 'deposit_checking': 1, 'transact_saving': 1, 'amalgamate': 1, 'write_check': 0, 'go_premium': 0}",1381271,1081,23021.18,18.02,hotspot
4,RC,original,200,18000,100,0.9,"{'balance': 0, 'deposit_checking': 1, 'transact_saving': 1, 'amalgamate': 1, 'write_check': 0, 'go_premium': 0}",1377873,1186,22964.55,19.77,hotspot
0,SI,original,200,18000,100,0.9,"{'balance': 0, 'deposit_checking': 1, 'transact_saving': 1, 'amalgamate': 1, 'write_check': 0, 'go_premium': 0}",585033,1107440,9750.55,18457.33,hotspot
1,SI,original,200,18000,100,0.9,"{'balance': 0, 'deposit_checking': 1, 'transact_saving': 1, 'amalgamate': 1, 'write_check': 0, 'go_premium': 0}",576108,1078765,9601.80,17979.42,hotspot
2,SI,original,200,18000,100,0.9,"{'balance': 0, 'deposit_checking': 1, 'transact_saving': 1, 'amalgamate': 1, 'write_check': 0, 'go_premium': 0}",576626,1079534,9610.43,17992.23,hotspot
3,SI,original,200,18000,100,0.9,"{'balance': 0, 'deposit_checking': 1, 'transact_saving': 1, 'amalgamate': 1, 'write_check': 0, 'go_premium': 0}",591242,1111492,9854.03,18524.87,hotspot
4,SI,original,200,18000,100,0.9,"{'balance': 0, 'deposit_checking': 1, 'transact_saving': 1, 'amalgamate': 1, 'write_check': 0, 'go_premium': 0}",577208,1077173,9620.13,17952.88,hotspot
0,SSI,original,200,18000,100,0.9,"{'balance': 0, 'deposit_checking': 1, 'transact_saving': 1, 'amalgamate': 1, 'write_check': 0, 'go_premium': 0}",581533,1074657,9692.22,17910.95,hotspot
1,SSI,original,200,18000,100,0.9,"{'balance': 0, 'deposit_checking': 1, 'transact_saving': 1, 'amalgamate': 1, 'write_check': 0, 'go_premium': 0}",584738,1077848,9745.63,17964.13,hotspot
2,SSI,original,200,18000,100,0.9,"{'balance': 0, 'deposit_checking': 1, 'transact_saving': 1, 'amalgamate': 1, 'write_check': 0, 'go_premium': 0}",574941,1056277,9582.35,17604.62,hotspot
3,SSI,original,200,18000,100,0.9,"{'balance': 0, 'deposit_checking': 1, 'transact_saving': 1, 'amalgamate': 1, 'write_check': 0, 'go_premium': 0}",569331,1043863,9488.85,17397.72,hotspot
4,SSI,original,200,18000,100,0.9,"{'balance': 0, 'deposit_checking': 1, 'transact_saving': 1, 'amalgamate': 1, 'write_check': 0, 'go_premium': 0}",588062,1084388,9801.03,18073.13,hotspot
0,RC,original,200,18000,1000,0.9,"{'balance': 0, 'deposit_checking': 1, 'transact_saving': 1, 'amalgamate': 1, 'write_check': 0, 'go_premium': 0}",2029427,7,33823.78,0.12,hotspot
1,RC,original,200,18000,1000,0.9,"{'balance': 0, 'deposit_checking': 1, 'transact_saving': 1, 'amalgamate': 1, 'write_check': 0, 'go_premium': 0}",2004208,7,33403.47,0.12,hotspot
2,RC,original,200,18000,1000,0.9,"{'balance': 0, 'deposit_checking': 1, 'transact_saving': 1, 'amalgamate': 1, 'write_check': 0, 'go_premium': 0}",2015865,3,33597.75,0.05,hotspot
3,RC,original,200,18000,1000,0.9,"{'balance': 0, 'deposit_checking': 1, 'transact_saving': 1, 'amalgamate': 1, 'write_check': 0, 'go_premium': 0}",2042533,5,34042.22,0.08,hotspot
4,RC,original,200,18000,1000,0.9,"{'balance': 0, 'deposit_checking': 1, 'transact_saving': 1, 'amalgamate': 1, 'write_check': 0, 'go_premium': 0}",2000096,10,33334.93,0.17,hotspot
0,SI,original,200,18000,1000,0.9,"{'balance': 0, 'deposit_checking': 1, 'transact_saving': 1, 'amalgamate': 1, 'write_check': 0, 'go_premium': 0}",1738397,313717,28973.28,5228.62,hotspot
1,SI,original,200,18000,1000,0.9,"{'balance': 0, 'deposit_checking': 1, 'transact_saving': 1, 'amalgamate': 1, 'write_check': 0, 'go_premium': 0}",1658657,297227,27644.28,4953.78,hotspot
2,SI,original,200,18000,1000,0.9,"{'balance': 0, 'deposit_checking': 1, 'transact_saving': 1, 'amalgamate': 1, 'write_check': 0, 'go_premium': 0}",1724913,311894,28748.55,5198.23,hotspot
3,SI,original,200,18000,1000,0.9,"{'balance': 0, 'deposit_checking': 1, 'transact_saving': 1, 'amalgamate': 1, 'write_check': 0, 'go_premium': 0}",1682807,303788,28046.78,5063.13,hotspot
4,SI,original,200,18000,1000,0.9,"{'balance': 0, 'deposit_checking': 1, 'transact_saving': 1, 'amalgamate': 1, 'write_check': 0, 'go_premium': 0}",1684644,303995,28077.40,5066.58,hotspot
0,SSI,original,200,18000,1000,0.9,"{'balance': 0, 'deposit_checking': 1, 'transact_saving': 1, 'amalgamate': 1, 'write_check': 0, 'go_premium': 0}",1644076,278338,27401.27,4638.97,hotspot
1,SSI,original,200,18000,1000,0.9,"{'balance': 0, 'deposit_checking': 1, 'transact_saving': 1, 'amalgamate': 1, 'write_check': 0, 'go_premium': 0}",1630718,282512,27178.63,4708.53,hotspot
2,SSI,original,200,18000,1000,0.9,"{'balance': 0, 'deposit_checking': 1, 'transact_saving': 1, 'amalgamate': 1, 'write_check': 0, 'go_premium': 0}",1670785,281331,27846.42,4688.85,hotspot
3,SSI,original,200,18000,1000,0.9,"{'balance': 0, 'deposit_checking': 1, 'transact_saving': 1, 'amalgamate': 1, 'write_check': 0, 'go_premium': 0}",1620960,276228,27016.00,4603.80,hotspot
4,SSI,original,200,18000,1000,0.9,"{'balance': 0, 'deposit_checking': 1, 'transact_saving': 1, 'amalgamate': 1, 'write_check': 0, 'go_premium': 0}",1638008,276937,27300.13,4615.62,hotspot
