test_id,isolation_level,implementation,num_clients,num_accounts,hotspot_size,hotspot_probability,distribution,transactions,aborts,throughput,abort_rate,distr_type
0,RC,promoted,200,18000,10,0.1,"{'balance': 1, 'deposit_checking': 1, 'transact_saving': 1, 'amalgamate': 1, 'write_check': 1, 'go_premium': 1}",1910319,3,31838.65,0.05,hotspot
1,RC,promoted,200,18000,10,0.1,"{'balance': 1, 'deposit_checking': 1, 'transact_saving': 1, 'amalgamate': 1, 'write_check': 1, 'go_premium': 1}",1963047,5,32717.45,0.08,hotspot
2,RC,promoted,200,18000,10,0.1,"{'balance': 1, 'deposit_checking': 1, 'transact_saving': 1, 'amalgamate': 1, 'write_check': 1, 'go_premium': 1}",1980220,6,33003.67,0.10,hotspot
3,RC,promoted,200,18000,10,0.1,"{'balance': 1, 'deposit_checking': 1, 'transact_saving': 1, 'amalgamate': 1, 'write_check': 1, 'go_premium': 1}",1954226,5,32570.43,0.08,hotspot
4,RC,promoted,200,18000,10,0.1,"{'balance': 1, 'deposit_checking': 1, 'transact_saving': 1, 'amalgamate': 1, 'write_check': 1, 'go_premium': 1}",1890974,4,31516.23,0.07,hotspot
0,SI,original,200,18000,10,0.1,"{'balance': 1, 'deposit_checking': 1, 'transact_saving': 1, 'amalgamate': 1, 'write_check': 1, 'go_premium': 1}",1422977,456264,23716.28,7604.40,hotspot
1,SI,original,200,18000,10,0.1,"{'balance': 1, 'deposit_checking': 1, 'transact_saving': 1, 'amalgamate': 1, 'write_check': 1, 'go_premium': 1}",1398444,463420,23307.40,7723.67,hotspot
2,SI,original,200,18000,10,0.1,"{'balance': 1, 'deposit_checking': 1, 'transact_saving': 1, 'amalgamate': 1, 'write_check': 1, 'go_premium': 1}",1413471,471265,23557.85,7854.42,hotspot
3,SI,original,200,18000,10,0.1,"{'balance': 1, 'deposit_checking': 1, 'transact_saving': 1, 'amalgamate': 1, 'write_check': 1, 'go_premium': 1}",1426186,477831,23769.77,7963.85,hotspot
4,SI,original,200,18000,10,0.1,"{'balance': 1, 'deposit_checking': 1, 'transact_saving': 1, 'amalgamate': 1, 'write_check': 1, 'go_premium': 1}",1437339,447812,23955.65,7463.53,hotspot
0,SSI,original,200,18000,10,0.1,"{'balance': 1, 'deposit_checking': 1, 'transact_saving': 1, 'amalgamate': 1, 'write_check': 1, 'go_premium': 1}",1287708,582593,21461.80,9709.88,hotspot
1,SSI,original,200,18000,10,0.1,"{'balance': 1, 'deposit_checking': 1, 'transact_saving': 1, 'amalgamate': 1, 'write_check': 1, 'go_premium': 1}",1284135,576094,21402.25,9601.57,hotspot
2,SSI,original,200,18000,10,0.1,"{'balance': 1, 'deposit_checking': 1, 'transact_saving': 1, 'amalgamate': 1, 'write_check': 1, 'go_premium': 1}",1300960,583083,21682.67,9718.05,hotspot
3,SSI,original,200,18000,10,0.1,"{'balance': 1, 'deposit_checking': 1, 'transact_saving': 1, 'amalgamate': 1, 'write_check': 1, 'go_premium': 1}",1283174,581185,21386.23,9686.42,hotspot
4,SSI,original,200,18000,10,0.1,"{'balance': 1, 'deposit_checking': 1, 'transact_saving': 1, 'amalgamate': 1, 'write_check': 1, 'go_premium': 1}",1284528,587282,21408.80,9788.03,hotspot
0,RC,promoted,200,18000,100,0.1,"{'balance': 1, 'deposit_checking': 1, 'transact_saving': 1, 'amalgamate': 1, 'write_check': 1, 'go_premium': 1}",2005149,0,33419.15,0.00,hotspot
1,RC,promoted,200,18000,100,0.1,"{'balance': 1, 'deposit_checking': 1, 'transact_saving': 1, 'amalgamate': 1, 'write_check': 1, 'go_premium': 1}",1985009,0,33083.48,0.00,hotspot
2,RC,promoted,200,18000,100,0.1,"{'balance': 1, 'deposit_checking': 1, 'transact_saving': 1, 'amalgamate': 1, 'write_check': 1, 'go_premium': 1}",2019116,0,33651.93,0.00,hotspot
3,RC,promoted,200,18000,100,0.1,"{'balance': 1, 'deposit_checking': 1, 'transact_saving': 1, 'amalgamate': 1, 'write_check': 1, 'go_premium': 1}",2020788,0,33679.80,0.00,hotspot
4,RC,promoted,200,18000,100,0.1,"{'balance': 1, 'deposit_checking': 1, 'transact_saving': 1, 'amalgamate': 1, 'write_check': 1, 'go_premium': 1}",1998775,0,33312.92,0.00,hotspot
0,SI,original,200,18000,100,0.1,"{'balance': 1, 'deposit_checking': 1, 'transact_saving': 1, 'amalgamate': 1, 'write_check': 1, 'go_premium': 1}",2016010,31242,33600.17,520.70,hotspot
1,SI,original,200,18000,100,0.1,"{'balance': 1, 'deposit_checking': 1, 'transact_saving': 1, 'amalgamate': 1, 'write_check': 1, 'go_premium': 1}",2002593,30959,33376.55,515.98,hotspot
2,SI,original,200,18000,100,0.1,"{'balance': 1, 'deposit_checking': 1, 'transact_saving': 1, 'amalgamate': 1, 'write_check': 1, 'go_premium': 1}",2052071,32207,34201.18,536.78,hotspot
3,SI,original,200,18000,100,0.1,"{'balance': 1, 'deposit_checking': 1, 'transact_saving': 1, 'amalgamate': 1, 'write_check': 1, 'go_premium': 1}",1992045,31280,33200.75,521.33,hotspot
4,SI,original,200,18000,100,0.1,"{'balance': 1, 'deposit_checking': 1, 'transact_saving': 1, 'amalgamate': 1, 'write_check': 1, 'go_premium': 1}",1994831,30918,33247.18,515.30,hotspot
0,SSI,original,200,18000,100,0.1,"{'balance': 1, 'deposit_checking': 1, 'transact_saving': 1, 'amalgamate': 1, 'write_check': 1, 'go_premium': 1}",1969673,30534,32827.88,508.90,hotspot
1,SSI,original,200,18000,100,0.1,"{'balance': 1, 'deposit_checking': 1, 'transact_saving': 1, 'amalgamate': 1, 'write_check': 1, 'go_premium': 1}",1983535,30704,33058.92,511.73,hotspot
2,SSI,original,200,18000,100,0.1,"{'balance': 1, 'deposit_checking': 1, 'transact_saving': 1, 'amalgamate': 1, 'write_check': 1, 'go_premium': 1}",1965254,31295,32754.23,521.58,hotspot
3,SSI,original,200,18000,100,0.1,"{'balance': 1, 'deposit_checking': 1, 'transact_saving': 1, 'amalgamate': 1, 'write_check': 1, 'go_premium': 1}",1972603,30274,32876.72,504.57,hotspot
4,SSI,original,200,18000,100,0.1,"{'balance': 1, 'deposit_checking': 1, 'transact_saving': 1, 'amalgamate': 1, 'write_check': 1, 'go_premium': 1}",1969062,30911,32817.70,515.18,hotspot
0,RC,promoted,200,18000,1000,0.1,"{'balance': 1, 'deposit_checking': 1, 'transact_saving': 1, 'amalgamate': 1, 'write_check': 1, 'go_premium': 1}",2018348,0,33639.13,0.00,hotspot
1,RC,promoted,200,18000,1000,0.1,"{'balance': 1, 'deposit_checking': 1, 'transact_saving': 1, 'amalgamate': 1, 'write_check': 1, 'go_premium': 1}",2002027,0,33367.12,0.00,hotspot
2,RC,promoted,200,18000,1000,0.1,"{'balance': 1, 'deposit_checking': 1, 'transact_saving': 1, 'amalgamate': 1, 'write_check': 1, 'go_premium': 1}",2013691,0,33561.52,0.00,hotspot
3,RC,promoted,200,18000,1000,0.1,"{'balance': 1, 'deposit_checking': 1, 'transact_saving': 1, 'amalgamate': 1, 'write_check': 1, 'go_premium': 1}",2012387,0,33539.78,0.00,hotspot
4,RC,promoted,200,18000,1000,0.1,"{'balance': 1, 'deposit_checking': 1, 'transact_saving': 1, 'amalgamate': 1, 'write_check': 1, 'go_premium': 1}",1985026,0,33083.77,0.00,hotspot
0,SI,original,200,18000,1000,0.1,"{'balance': 1, 'deposit_checking': 1, 'transact_saving': 1, 'amalgamate': 1, 'write_check': 1, 'go_premium': 1}",2034832,11523,33913.87,192.05,hotspot
1,SI,original,200,18000,1000,0.1,"{'balance': 1, 'deposit_checking': 1, 'transact_saving': 1, 'amalgamate': 1, 'write_check': 1, 'go_premium': 1}",2008043,11302,33467.38,188.37,hotspot
2,SI,original,200,18000,1000,0.1,"{'balance': 1, 'deposit_checking': 1, 'transact_saving': 1, 'amalgamate': 1, 'write_check': 1, 'go_premium': 1}",2033363,11693,33889.38,194.88,hotspot
3,SI,original,200,18000,1000,0.1,"{'balance': 1, 'deposit_checking': 1, 'transact_saving': 1, 'amalgamate': 1, 'write_check': 1, 'go_premium': 1}",2031263,11420,33854.38,190.33,hotspot
4,SI,original,200,18000,1000,0.1,"{'balance': 1, 'deposit_checking': 1, 'transact_saving': 1, 'amalgamate': 1, 'write_check': 1, 'go_premium': 1}",2025490,11721,33758.17,195.35,hotspot
0,SSI,original,200,18000,1000,0.1,"{'balance': 1, 'deposit_checking': 1, 'transact_saving': 1, 'amalgamate': 1, 'write_check': 1, 'go_premium': 1}",2007137,11444,33452.28,190.73,hotspot
1,SSI,original,200,18000,1000,0.1,"{'balance': 1, 'deposit_checking': 1, 'transact_saving': 1, 'amalgamate': 1, 'write_check': 1, 'go_premium': 1}",2009908,11292,33498.47,188.20,hotspot
2,SSI,original,200,18000,1000,0.1,"{'balance': 1, 'deposit_checking': 1, 'transact_saving': 1, 'amalgamate': 1, 'write_check': 1, 'go_premium': 1}",1988600,11358,33143.33,189.30,hotspot
3,SSI,original,200,18000,1000,0.1,"{'balance': 1, 'deposit_checking': 1, 'transact_saving': 1, 'amalgamate': 1, 'write_check': 1, 'go_premium': 1}",1984022,11349,33067.03,189.15,hotspot
4,SSI,original,200,18000,1000,0.1,"{'balance': 1, 'deposit_checking': 1, 'transact_saving': 1, 'amalgamate': 1, 'write_check': 1, 'go_premium': 1}",1990344,11353,33172.40,189.22,hotspot
0,RC,promoted,200,18000,10,0.3,"{'balance': 1, 'deposit_checking': 1, 'transact_saving': 1, 'amalgamate': 1, 'write_check': 1, 'go_premium': 1}",1549035,94,25817.25,1.57,hotspot
1,RC,promoted,200,18000,10,0.3,"{'balance': 1, 'deposit_checking': 1, 'transact_saving': 1, 'amalgamate': 1, 'write_check': 1, 'go_premium': 1}",1564118,68,26068.63,1.13,hotspot
2,RC,promoted,200,18000,10,0.3,"{'balance': 1, 'deposit_checking': 1, 'transact_saving': 1, 'amalgamate': 1, 'write_check': 1, 'go_premium': 1}",1556636,80,25943.93,1.33,hotspot
3,RC,promoted,200,18000,10,0.3,"{'balance': 1, 'deposit_checking': 1, 'transact_saving': 1, 'amalgamate': 1, 'write_check': 1, 'go_premium': 1}",1560308,56,26005.13,0.93,hotspot
4,RC,promoted,200,18000,10,0.3,"{'balance': 1, 'deposit_checking': 1, 'transact_saving': 1, 'amalgamate': 1, 'write_check': 1, 'go_premium': 1}",1576316,67,26271.93,1.12,hotspot
0,SI,original,200,18000,10,0.3,"{'balance': 1, 'deposit_checking': 1, 'transact_saving': 1, 'amalgamate': 1, 'write_check': 1, 'go_premium': 1}",647242,1033905,10787.37,17231.75,hotspot
1,SI,original,200,18000,10,0.3,"{'balance': 1, 'deposit_checking': 1, 'transact_saving': 1, 'amalgamate': 1, 'write_check': 1, 'go_premium': 1}",659610,1034903,10993.50,17248.38,hotspot
2,SI,original,200,18000,10,0.3,"{'balance': 1, 'deposit_checking': 1, 'transact_saving': 1, 'amalgamate': 1, 'write_check': 1, 'go_premium': 1}",648967,1024303,10816.12,17071.72,hotspot
3,SI,original,200,18000,10,0.3,"{'balance': 1, 'deposit_checking': 1, 'transact_saving': 1, 'amalgamate': 1, 'write_check': 1, 'go_premium': 1}",648336,1022549,10805.60,17042.48,hotspot
4,SI,original,200,18000,10,0.3,"{'balance': 1, 'deposit_checking': 1, 'transact_saving': 1, 'amalgamate': 1, 'write_check': 1, 'go_premium': 1}",655292,1032713,10921.53,17211.88,hotspot
0,SSI,original,200,18000,10,0.3,"{'balance': 1, 'deposit_checking': 1, 'transact_saving': 1, 'amalgamate': 1, 'write_check': 1, 'go_premium': 1}",526506,1006385,8775.10,16773.08,hotspot
1,SSI,original,200,18000,10,0.3,"{'balance': 1, 'deposit_checking': 1, 'transact_saving': 1, 'amalgamate': 1, 'write_check': 1, 'go_premium': 1}",531049,946522,8850.82,15775.37,hotspot
2,SSI,original,200,18000,10,0.3,"{'balance': 1, 'deposit_checking': 1, 'transact_saving': 1, 'amalgamate': 1, 'write_check': 1, 'go_premium': 1}",521767,923439,8696.12,15390.65,hotspot
3,SSI,original,200,18000,10,0.3,"{'balance': 1, 'deposit_checking': 1, 'transact_saving': 1, 'amalgamate': 1, 'write_check': 1, 'go_premium': 1}",527016,948363,8783.60,15806.05,hotspot
4,SSI,original,200,18000,10,0.3,"{'balance': 1, 'deposit_checking': 1, 'transact_saving': 1, 'amalgamate': 1, 'write_check': 1, 'go_premium': 1}",530295,934169,8838.25,15569.48,hotspot
0,RC,promoted,200,18000,100,0.3,"{'balance': 1, 'deposit_checking': 1, 'transact_saving': 1, 'amalgamate': 1, 'write_check': 1, 'go_premium': 1}",1992384,0,33206.40,0.00,hotspot
1,RC,promoted,200,18000,100,0.3,"{'balance': 1, 'deposit_checking': 1, 'transact_saving': 1, 'amalgamate': 1, 'write_check': 1, 'go_premium': 1}",2008526,4,33475.43,0.07,hotspot
2,RC,promoted,200,18000,100,0.3,"{'balance': 1, 'deposit_checking': 1, 'transact_saving': 1, 'amalgamate': 1, 'write_check': 1, 'go_premium': 1}",1991953,1,33199.22,0.02,hotspot
3,RC,promoted,200,18000,100,0.3,"{'balance': 1, 'deposit_checking': 1, 'transact_saving': 1, 'amalgamate': 1, 'write_check': 1, 'go_premium': 1}",1996816,2,33280.27,0.03,hotspot
4,RC,promoted,200,18000,100,0.3,"{'balance': 1, 'deposit_checking': 1, 'transact_saving': 1, 'amalgamate': 1, 'write_check': 1, 'go_premium': 1}",2011329,2,33522.15,0.03,hotspot
0,SI,original,200,18000,100,0.3,"{'balance': 1, 'deposit_checking': 1, 'transact_saving': 1, 'amalgamate': 1, 'write_check': 1, 'go_premium': 1}",1761302,219492,29355.03,3658.20,hotspot
1,SI,original,200,18000,100,0.3,"{'balance': 1, 'deposit_checking': 1, 'transact_saving': 1, 'amalgamate': 1, 'write_check': 1, 'go_premium': 1}",1771930,220569,29532.17,3676.15,hotspot
2,SI,original,200,18000,100,0.3,"{'balance': 1, 'deposit_checking': 1, 'transact_saving': 1, 'amalgamate': 1, 'write_check': 1, 'go_premium': 1}",1750210,218407,29170.17,3640.12,hotspot
3,SI,original,200,18000,100,0.3,"{'balance': 1, 'deposit_checking': 1, 'transact_saving': 1, 'amalgamate': 1, 'write_check': 1, 'go_premium': 1}",1738332,217385,28972.20,3623.08,hotspot
4,SI,original,200,18000,100,0.3,"{'balance': 1, 'deposit_checking': 1, 'transact_saving': 1, 'amalgamate': 1, 'write_check': 1, 'go_premium': 1}",1727895,216375,28798.25,3606.25,hotspot
0,SSI,original,200,18000,100,0.3,"{'balance': 1, 'deposit_checking': 1, 'transact_saving': 1, 'amalgamate': 1, 'write_check': 1, 'go_premium': 1}",1752796,218920,29213.27,3648.67,hotspot
1,SSI,original,200,18000,100,0.3,"{'balance': 1, 'deposit_checking': 1, 'transact_saving': 1, 'amalgamate': 1, 'write_check': 1, 'go_premium': 1}",1735399,219511,28923.32,3658.52,hotspot
2,SSI,original,200,18000,100,0.3,"{'balance': 1, 'deposit_checking': 1, 'transact_saving': 1, 'amalgamate': 1, 'write_check': 1, 'go_premium': 1}",1751220,220714,29187.00,3678.57,hotspot
3,SSI,original,200,18000,100,0.3,"{'balance': 1, 'deposit_checking': 1, 'transact_saving': 1, 'amalgamate': 1, 'write_check': 1, 'go_premium': 1}",1748801,218818,29146.68,3646.97,hotspot
4,SSI,original,200,18000,100,0.3,"{'balance': 1, 'deposit_checking': 1, 'transact_saving': 1, 'amalgamate': 1, 'write_check': 1, 'go_premium': 1}",1753897,222028,29231.62,3700.47,hotspot
0,RC,promoted,200,18000,1000,0.3,"{'balance': 1, 'deposit_checking': 1, 'transact_saving': 1, 'amalgamate': 1, 'write_check': 1, 'go_premium': 1}",2040921,0,34015.35,0.00,hotspot
1,RC,promoted,200,18000,1000,0.3,"{'balance': 1, 'deposit_checking': 1, 'transact_saving': 1, 'amalgamate': 1, 'write_check': 1, 'go_premium': 1}",1960719,0,32678.65,0.00,hotspot
2,RC,promoted,200,18000,1000,0.3,"{'balance': 1, 'deposit_checking': 1, 'transact_saving': 1, 'amalgamate': 1, 'write_check': 1, 'go_premium': 1}",2002910,0,33381.83,0.00,hotspot
3,RC,promoted,200,18000,1000,0.3,"{'balance': 1, 'deposit_checking': 1, 'transact_saving': 1, 'amalgamate': 1, 'write_check': 1, 'go_premium': 1}",1972176,0,32869.60,0.00,hotspot
4,RC,promoted,200,18000,1000,0.3,"{'balance': 1, 'deposit_checking': 1, 'transact_saving': 1, 'amalgamate': 1, 'write_check': 1, 'go_premium': 1}",1987446,0,33124.10,0.00,hotspot
0,SI,original,200,18000,1000,0.3,"{'balance': 1, 'deposit_checking': 1, 'transact_saving': 1, 'amalgamate': 1, 'write_check': 1, 'go_premium': 1}",1970468,23648,32841.13,394.13,hotspot
1,SI,original,200,18000,1000,0.3,"{'balance': 1, 'deposit_checking': 1, 'transact_saving': 1, 'amalgamate': 1, 'write_check': 1, 'go_premium': 1}",1950689,23122,32511.48,385.37,hotspot
2,SI,original,200,18000,1000,0.3,"{'balance': 1, 'deposit_checking': 1, 'transact_saving': 1, 'amalgamate': 1, 'write_check': 1, 'go_premium': 1}",2002951,24006,33382.52,400.10,hotspot
3,SI,original,200,18000,1000,0.3,"{'balance': 1, 'deposit_checking': 1, 'transact_saving': 1, 'amalgamate': 1, 'write_check': 1, 'go_premium': 1}",1983191,23884,33053.18,398.07,hotspot
4,SI,original,200,18000,1000,0.3,"{'balance': 1, 'deposit_checking': 1, 'transact_saving': 1, 'amalgamate': 1, 'write_check': 1, 'go_premium': 1}",2012192,23893,33536.53,398.22,hotspot
0,SSI,original,200,18000,1000,0.3,"{'balance': 1, 'deposit_checking': 1, 'transact_saving': 1, 'amalgamate': 1, 'write_check': 1, 'go_premium': 1}",1974098,23443,32901.63,390.72,hotspot
1,SSI,original,200,18000,1000,0.3,"{'balance': 1, 'deposit_checking': 1, 'transact_saving': 1, 'amalgamate': 1, 'write_check': 1, 'go_premium': 1}",1992419,23415,33206.98,390.25,hotspot
2,SSI,original,200,18000,1000,0.3,"{'balance': 1, 'deposit_checking': 1, 'transact_saving': 1, 'amalgamate': 1, 'write_check': 1, 'go_premium': 1}",1998085,23547,33301.42,392.45,hotspot
3,SSI,original,200,18000,1000,0.3,"{'balance': 1, 'deposit_checking': 1, 'transact_saving': 1, 'amalgamate': 1, 'write_check': 1, 'go_premium': 1}",1984594,23649,33076.57,394.15,hotspot
4,SSI,original,200,18000,1000,0.3,"{'balance': 1, 'deposit_checking': 1, 'transact_saving': 1, 'amalgamate': 1, 'write_check': 1, 'go_premium': 1}",1987193,23616,33119.88,393.60,hotspot
0,RC,promoted,200,18000,10,0.5,"{'balance': 1, 'deposit_checking': 1, 'transact_saving': 1, 'amalgamate': 1, 'write_check': 1, 'go_premium': 1}",1180576,287,19676.27,4.78,hotspot
1,RC,promoted,200,18000,10,0.5,"{'balance': 1, 'deposit_checking': 1, 'transact_saving': 1, 'amalgamate': 1, 'write_check': 1, 'go_premium': 1}",1125906,301,18765.10,5.02,hotspot
2,RC,promoted,200,18000,10,0.5,"{'balance': 1, 'deposit_checking': 1, 'transact_saving': 1, 'amalgamate': 1, 'write_check': 1, 'go_premium': 1}",1150256,278,19170.93,4.63,hotspot
3,RC,promoted,200,18000,10,0.5,"{'balance': 1, 'deposit_checking': 1, 'transact_saving': 1, 'amalgamate': 1, 'write_check': 1, 'go_premium': 1}",1130403,290,18840.05,4.83,hotspot
4,RC,promoted,200,18000,10,0.5,"{'balance': 1, 'deposit_checking': 1, 'transact_saving': 1, 'amalgamate': 1, 'write_check': 1, 'go_premium': 1}",1149400,252,19156.67,4.20,hotspot
0,SI,original,200,18000,10,0.5,"{'balance': 1, 'deposit_checking': 1, 'transact_saving': 1, 'amalgamate': 1, 'write_check': 1, 'go_premium': 1}",400606,1137001,6676.77,18950.02,hotspot
1,SI,original,200,18000,10,0.5,"{'balance': 1, 'deposit_checking': 1, 'transact_saving': 1, 'amalgamate': 1, 'write_check': 1, 'go_premium': 1}",389852,1113774,6497.53,18562.90,hotspot
2,SI,original,200,18000,10,0.5,"{'balance': 1, 'deposit_checking': 1, 'transact_saving': 1, 'amalgamate': 1, 'write_check': 1, 'go_premium': 1}",388167,1108942,6469.45,18482.37,hotspot
3,SI,original,200,18000,10,0.5,"{'balance': 1, 'deposit_checking': 1, 'transact_saving': 1, 'amalgamate': 1, 'write_check': 1, 'go_premium': 1}",384838,1120528,6413.97,18675.47,hotspot
4,SI,original,200,18000,10,0.5,"{'balance': 1, 'deposit_checking': 1, 'transact_saving': 1, 'amalgamate': 1, 'write_check': 1, 'go_premium': 1}",394790,1129903,6579.83,18831.72,hotspot
0,SSI,original,200,18000,10,0.5,"{'balance': 1, 'deposit_checking': 1, 'transact_saving': 1, 'amalgamate': 1, 'write_check': 1, 'go_premium': 1}",302931,960532,5048.85,16008.87,hotspot
1,SSI,original,200,18000,10,0.5,"{'balance': 1, 'deposit_checking': 1, 'transact_saving': 1, 'amalgamate': 1, 'write_check': 1, 'go_premium': 1}",289942,932495,4832.37,15541.58,hotspot
2,SSI,original,200,18000,10,0.5,"{'balance': 1, 'deposit_checking': 1, 'transact_saving': 1, 'amalgamate': 1, 'write_check': 1, 'go_premium': 1}",299732,864158,4995.53,14402.63,hotspot
3,SSI,original,200,18000,10,0.5,"{'balance': 1, 'deposit_checking': 1, 'transact_saving': 1, 'amalgamate': 1, 'write_check': 1, 'go_premium': 1}",301896,890828,5031.60,14847.13,hotspot
4,SSI,original,200,18000,10,0.5,"{'balance': 1, 'deposit_checking': 1, 'transact_saving': 1, 'amalgamate': 1, 'write_check': 1, 'go_premium': 1}",302475,941236,5041.25,15687.27,hotspot
0,RC,promoted,200,18000,100,0.5,"{'balance': 1, 'deposit_checking': 1, 'transact_saving': 1, 'amalgamate': 1, 'write_check': 1, 'go_premium': 1}",1981374,17,33022.90,0.28,hotspot
1,RC,promoted,200,18000,100,0.5,"{'balance': 1, 'deposit_checking': 1, 'transact_saving': 1, 'amalgamate': 1, 'write_check': 1, 'go_premium': 1}",1986136,14,33102.27,0.23,hotspot
2,RC,promoted,200,18000,100,0.5,"{'balance': 1, 'deposit_checking': 1, 'transact_saving': 1, 'amalgamate': 1, 'write_check': 1, 'go_premium': 1}",1974664,18,32911.07,0.30,hotspot
3,RC,promoted,200,18000,100,0.5,"{'balance': 1, 'deposit_checking': 1, 'transact_saving': 1, 'amalgamate': 1, 'write_check': 1, 'go_premium': 1}",1962487,25,32708.12,0.42,hotspot
4,RC,promoted,200,18000,100,0.5,"{'balance': 1, 'deposit_checking': 1, 'transact_saving': 1, 'amalgamate': 1, 'write_check': 1, 'go_premium': 1}",2027276,17,33787.93,0.28,hotspot
0,SI,original,200,18000,100,0.5,"{'balance': 1, 'deposit_checking': 1, 'transact_saving': 1, 'amalgamate': 1, 'write_check': 1, 'go_premium': 1}",1412600,503457,23543.33,8390.95,hotspot
1,SI,original,200,18000,100,0.5,"{'balance': 1, 'deposit_checking': 1, 'transact_saving': 1, 'amalgamate': 1, 'write_check': 1, 'go_premium': 1}",1418143,505416,23635.72,8423.60,hotspot
2,SI,original,200,18000,100,0.5,"{'balance': 1, 'deposit_checking': 1, 'transact_saving': 1, 'amalgamate': 1, 'write_check': 1, 'go_premium': 1}",1388798,494311,23146.63,8238.52,hotspot
3,SI,original,200,18000,100,0.5,"{'balance': 1, 'deposit_checking': 1, 'transact_saving': 1, 'amalgamate': 1, 'write_check': 1, 'go_premium': 1}",1402515,499427,23375.25,8323.78,hotspot
4,SI,original,200,18000,100,0.5,"{'balance': 1, 'deposit_checking': 1, 'transact_saving': 1, 'amalgamate': 1, 'write_check': 1, 'go_premium': 1}",1397497,496473,23291.62,8274.55,hotspot
0,SSI,original,200,18000,100,0.5,"{'balance': 1, 'deposit_checking': 1, 'transact_saving': 1, 'amalgamate': 1, 'write_check': 1, 'go_premium': 1}",1366918,501952,22781.97,8365.87,hotspot
1,SSI,original,200,18000,100,0.5,"{'balance': 1, 'deposit_checking': 1, 'transact_saving': 1, 'amalgamate': 1, 'write_check': 1, 'go_premium': 1}",1397375,510212,23289.58,8503.53,hotspot
2,SSI,original,200,18000,100,0.5,"{'balance': 1, 'deposit_checking': 1, 'transact_saving': 1, 'amalgamate': 1, 'write_check': 1, 'go_premium': 1}",1408096,513648,23468.27,8560.80,hotspot
3,SSI,original,200,18000,100,0.5,"{'balance': 1, 'deposit_checking': 1, 'transact_saving': 1, 'amalgamate': 1, 'write_check': 1, 'go_premium': 1}",1400209,512821,23336.82,8547.02,hotspot
4,SSI,original,200,18000,100,0.5,"{'balance': 1, 'deposit_checking': 1, 'transact_saving': 1, 'amalgamate': 1, 'write_check': 1, 'go_premium': 1}",1395181,509230,23253.02,8487.17,hotspot
0,RC,promoted,200,18000,1000,0.5,"{'balance': 1, 'deposit_checking': 1, 'transact_saving': 1, 'amalgamate': 1, 'write_check': 1, 'go_premium': 1}",1978622,0,32977.03,0.00,hotspot
1,RC,promoted,200,18000,1000,0.5,"{'balance': 1, 'deposit_checking': 1, 'transact_saving': 1, 'amalgamate': 1, 'write_check': 1, 'go_premium': 1}",2015710,0,33595.17,0.00,hotspot
2,RC,promoted,200,18000,1000,0.5,"{'balance': 1, 'deposit_checking': 1, 'transact_saving': 1, 'amalgamate': 1, 'write_check': 1, 'go_premium': 1}",1983012,0,33050.20,0.00,hotspot
3,RC,promoted,200,18000,1000,0.5,"{'balance': 1, 'deposit_checking': 1, 'transact_saving': 1, 'amalgamate': 1, 'write_check': 1, 'go_premium': 1}",2004051,0,33400.85,0.00,hotspot
4,RC,promoted,200,18000,1000,0.5,"{'balance': 1, 'deposit_checking': 1, 'transact_saving': 1, 'amalgamate': 1, 'write_check': 1, 'go_premium': 1}",1967992,1,32799.87,0.02,hotspot
0,SI,original,200,18000,1000,0.5,"{'balance': 1, 'deposit_checking': 1, 'transact_saving': 1, 'amalgamate': 1, 'write_check': 1, 'go_premium': 1}",1918442,51822,31974.03,863.70,hotspot
1,SI,original,200,18000,1000,0.5,"{'balance': 1, 'deposit_checking': 1, 'transact_saving': 1, 'amalgamate': 1, 'write_check': 1, 'go_premium': 1}",1898945,51577,31649.08,859.62,hotspot
2,SI,original,200,18000,1000,0.5,"{'balance': 1, 'deposit_checking': 1, 'transact_saving': 1, 'amalgamate': 1, 'write_check': 1, 'go_premium': 1}",1987168,53626,33119.47,893.77,hotspot
3,SI,original,200,18000,1000,0.5,"{'balance': 1, 'deposit_checking': 1, 'transact_saving': 1, 'amalgamate': 1, 'write_check': 1, 'go_premium': 1}",1956829,52410,32613.82,873.50,hotspot
4,SI,original,200,18000,1000,0.5,"{'balance': 1, 'deposit_checking': 1, 'transact_saving': 1, 'amalgamate': 1, 'write_check': 1, 'go_premium': 1}",1960322,53471,32672.03,891.18,hotspot
0,SSI,original,200,18000,1000,0.5,"{'balance': 1, 'deposit_checking': 1, 'transact_saving': 1, 'amalgamate': 1, 'write_check': 1, 'go_premium': 1}",1945032,52904,32417.20,881.73,hotspot
1,SSI,original,200,18000,1000,0.5,"{'balance': 1, 'deposit_checking': 1, 'transact_saving': 1, 'amalgamate': 1, 'write_check': 1, 'go_premium': 1}",1946662,52140,32444.37,869.00,hotspot
2,SSI,original,200,18000,1000,0.5,"{'balance': 1, 'deposit_checking': 1, 'transact_saving': 1, 'amalgamate': 1, 'write_check': 1, 'go_premium': 1}",1942674,52490,32377.90,874.83,hotspot
3,SSI,original,200,18000,1000,0.5,"{'balance': 1, 'deposit_checking': 1, 'transact_saving': 1, 'amalgamate': 1, 'write_check': 1, 'go_premium': 1}",1952790,52566,32546.50,876.10,hotspot
4,SSI,original,200,18000,1000,0.5,"{'balance': 1, 'deposit_checking': 1, 'transact_saving': 1, 'amalgamate': 1, 'write_check': 1, 'go_premium': 1}",1935402,52002,32256.70,866.70,hotspot
0,RC,promoted,200,18000,10,0.7,"{'balance': 1, 'deposit_checking': 1, 'transact_saving': 1, 'amalgamate': 1, 'write_check': 1, 'go_premium': 1}",781390,506,13023.17,8.43,hotspot
1,RC,promoted,200,18000,10,0.7,"{'balance': 1, 'deposit_checking': 1, 'transact_saving': 1, 'amalgamate': 1, 'write_check': 1, 'go_premium': 1}",763722,578,12728.70,9.63,hotspot
2,RC,promoted,200,18000,10,0.7,"{'balance': 1, 'deposit_checking': 1, 'transact_saving': 1, 'amalgamate': 1, 'write_check': 1, 'go_premium': 1}",774961,551,12916.02,9.18,hotspot
3,RC,promoted,200,18000,10,0.7,"{'balance': 1, 'deposit_checking': 1, 'transact_saving': 1, 'amalgamate': 1, 'write_check': 1, 'go_premium': 1}",797916,507,13298.60,8.45,hotspot
4,RC,promoted,200,18000,10,0.7,"{'balance': 1, 'deposit_checking': 1, 'transact_saving': 1, 'amalgamate': 1, 'write_check': 1, 'go_premium': 1}",768511,541,12808.52,9.02,hotspot
0,SI,original,200,18000,10,0.7,"{'balance': 1, 'deposit_checking': 1, 'transact_saving': 1, 'amalgamate': 1, 'write_check': 1, 'go_premium': 1}",247569,1007303,4126.15,16788.38,hotspot
1,SI,original,200,18000,10,0.7,"{'balance': 1, 'deposit_checking': 1, 'transact_saving': 1, 'amalgamate': 1, 'write_check': 1, 'go_premium': 1}",258490,1044785,4308.17,17413.08,hotspot
2,SI,original,200,18000,10,0.7,"{'balance': 1, 'deposit_checking': 1, 'transact_saving': 1, 'amalgamate': 1, 'write_check': 1, 'go_premium': 1}",249635,1048293,4160.58,17471.55,hotspot
3,SI,original,200,18000,10,0.7,"{'balance': 1, 'deposit_checking': 1, 'transact_saving': 1, 'amalgamate': 1, 'write_check': 1, 'go_premium': 1}",251644,1021913,4194.07,17031.88,hotspot
4,SI,original,200,18000,10,0.7,"{'balance': 1, 'deposit_checking': 1, 'transact_saving': 1, 'amalgamate': 1, 'write_check': 1, 'go_premium': 1}",261476,1059816,4357.93,17663.60,hotspot
0,SSI,original,200,18000,10,0.7,"{'balance': 1, 'deposit_checking': 1, 'transact_saving': 1, 'amalgamate': 1, 'write_check': 1, 'go_premium': 1}",188138,821135,3135.63,13685.58,hotspot
1,SSI,original,200,18000,10,0.7,"{'balance': 1, 'deposit_checking': 1, 'transact_saving': 1, 'amalgamate': 1, 'write_check': 1, 'go_premium': 1}",186632,834045,3110.53,13900.75,hotspot
2,SSI,original,200,18000,10,0.7,"{'balance': 1, 'deposit_checking': 1, 'transact_saving': 1, 'amalgamate': 1, 'write_check': 1, 'go_premium': 1}",183503,855964,3058.38,14266.07,hotspot
3,SSI,original,200,18000,10,0.7,"{'balance': 1, 'deposit_checking': 1, 'transact_saving': 1, 'amalgamate': 1, 'write_check': 1, 'go_premium': 1}",193850,899141,3230.83,14985.68,hotspot
4,SSI,original,200,18000,10,0.7,"{'balance': 1, 'deposit_checking': 1, 'transact_saving': 1, 'amalgamate': 1, 'write_check': 1, 'go_premium': 1}",191536,908826,3192.27,15147.10,hotspot
0,RC,promoted,200,18000,100,0.7,"{'balance': 1, 'deposit_checking': 1, 'transact_saving': 1, 'amalgamate': 1, 'write_check': 1, 'go_premium': 1}",1932853,38,32214.22,0.63,hotspot
1,RC,promoted,200,18000,100,0.7,"{'balance': 1, 'deposit_checking': 1, 'transact_saving': 1, 'amalgamate': 1, 'write_check': 1, 'go_premium': 1}",1927772,55,32129.53,0.92,hotspot
2,RC,promoted,200,18000,100,0.7,"{'balance': 1, 'deposit_checking': 1, 'transact_saving': 1, 'amalgamate': 1, 'write_check': 1, 'go_premium': 1}",1854947,49,30915.78,0.82,hotspot
3,RC,promoted,200,18000,100,0.7,"{'balance': 1, 'deposit_checking': 1, 'transact_saving': 1, 'amalgamate': 1, 'write_check': 1, 'go_premium': 1}",1912400,34,31873.33,0.57,hotspot
4,RC,promoted,200,18000,100,0.7,"{'balance': 1, 'deposit_checking': 1, 'transact_saving': 1, 'amalgamate': 1, 'write_check': 1, 'go_premium': 1}",1907694,37,31794.90,0.62,hotspot
0,SI,original,200,18000,100,0.7,"{'balance': 1, 'deposit_checking': 1, 'transact_saving': 1, 'amalgamate': 1, 'write_check': 1, 'go_premium': 1}",1115786,740525,18596.43,12342.08,hotspot
1,SI,original,200,18000,100,0.7,"{'balance': 1, 'deposit_checking': 1, 'transact_saving': 1, 'amalgamate': 1, 'write_check': 1, 'go_premium': 1}",1131380,751552,18856.33,12525.87,hotspot
2,SI,original,200,18000,100,0.7,"{'balance': 1, 'deposit_checking': 1, 'transact_saving': 1, 'amalgamate': 1, 'write_check': 1, 'go_premium': 1}",1085122,718652,18085.37,11977.53,hotspot
3,SI,original,200,18000,100,0.7,"{'balance': 1, 'deposit_checking': 1, 'transact_saving': 1, 'amalgamate': 1, 'write_check': 1, 'go_premium': 1}",1114910,735525,18581.83,12258.75,hotspot
4,SI,original,200,18000,100,0.7,"{'balance': 1, 'deposit_checking': 1, 'transact_saving': 1, 'amalgamate': 1, 'write_check': 1, 'go_premium': 1}",1118499,743429,18641.65,12390.48,hotspot
0,SSI,original,200,18000,100,0.7,"{'balance': 1, 'deposit_checking': 1, 'transact_saving': 1, 'amalgamate': 1, 'write_check': 1, 'go_premium': 1}",1085175,741524,18086.25,12358.73,hotspot
1,SSI,original,200,18000,100,0.7,"{'balance': 1, 'deposit_checking': 1, 'transact_saving': 1, 'amalgamate': 1, 'write_check': 1, 'go_premium': 1}",1094059,749002,18234.32,12483.37,hotspot
2,SSI,original,200,18000,100,0.7,"{'balance': 1, 'deposit_checking': 1, 'transact_saving': 1, 'amalgamate': 1, 'write_check': 1, 'go_premium': 1}",1079294,743299,17988.23,12388.32,hotspot
3,SSI,original,200,18000,100,0.7,"{'balance': 1, 'deposit_checking': 1, 'transact_saving': 1, 'amalgamate': 1, 'write_check': 1, 'go_premium': 1}",1094501,745998,18241.68,12433.30,hotspot
4,SSI,original,200,18000,100,0.7,"{'balance': 1, 'deposit_checking': 1, 'transact_saving': 1, 'amalgamate': 1, 'write_check': 1, 'go_premium': 1}",1105281,758088,18421.35,12634.80,hotspot
0,RC,promoted,200,18000,1000,0.7,"{'balance': 1, 'deposit_checking': 1, 'transact_saving': 1, 'amalgamate': 1, 'write_check': 1, 'go_premium': 1}",1964813,0,32746.88,0.00,hotspot
1,RC,promoted,200,18000,1000,0.7,"{'balance': 1, 'deposit_checking': 1, 'transact_saving': 1, 'amalgamate': 1, 'write_check': 1, 'go_premium': 1}",1999966,0,33332.77,0.00,hotspot
2,RC,promoted,200,18000,1000,0.7,"{'balance': 1, 'deposit_checking': 1, 'transact_saving': 1, 'amalgamate': 1, 'write_check': 1, 'go_premium': 1}",1991735,0,33195.58,0.00,hotspot
3,RC,promoted,200,18000,1000,0.7,"{'balance': 1, 'deposit_checking': 1, 'transact_saving': 1, 'amalgamate': 1, 'write_check': 1, 'go_premium': 1}",1984559,0,33075.98,0.00,hotspot
4,RC,promoted,200,18000,1000,0.7,"{'balance': 1, 'deposit_checking': 1, 'transact_saving': 1, 'amalgamate': 1, 'write_check': 1, 'go_premium': 1}",2013320,0,33555.33,0.00,hotspot
0,SI,original,200,18000,1000,0.7,"{'balance': 1, 'deposit_checking': 1, 'transact_saving': 1, 'amalgamate': 1, 'write_check': 1, 'go_premium': 1}",1912621,97682,31877.02,1628.03,hotspot
1,SI,original,200,18000,1000,0.7,"{'balance': 1, 'deposit_checking': 1, 'transact_saving': 1, 'amalgamate': 1, 'write_check': 1, 'go_premium': 1}",1876442,95673,31274.03,1594.55,hotspot
2,SI,original,200,18000,1000,0.7,"{'balance': 1, 'deposit_checking': 1, 'transact_saving': 1, 'amalgamate': 1, 'write_check': 1, 'go_premium': 1}",1879504,95524,31325.07,1592.07,hotspot
3,SI,original,200,18000,1000,0.7,"{'balance': 1, 'deposit_checking': 1, 'transact_saving': 1, 'amalgamate': 1, 'write_check': 1, 'go_premium': 1}",1916582,97539,31943.03,1625.65,hotspot
4,SI,original,200,18000,1000,0.7,"{'balance': 1, 'deposit_checking': 1, 'transact_saving': 1, 'amalgamate': 1, 'write_check': 1, 'go_premium': 1}",1906165,97098,31769.42,1618.30,hotspot
0,SSI,original,200,18000,1000,0.7,"{'balance': 1, 'deposit_checking': 1, 'transact_saving': 1, 'amalgamate': 1, 'write_check': 1, 'go_premium': 1}",1883454,95748,31390.90,1595.80,hotspot
1,SSI,original,200,18000,1000,0.7,"{'balance': 1, 'deposit_checking': 1, 'transact_saving': 1, 'amalgamate': 1, 'write_check': 1, 'go_premium': 1}",1916490,98040,31941.50,1634.00,hotspot
2,SSI,original,200,18000,1000,0.7,"{'balance': 1, 'deposit_checking': 1, 'transact_saving': 1, 'amalgamate': 1, 'write_check': 1, 'go_premium': 1}",1879722,96119,31328.70,1601.98,hotspot
3,SSI,original,200,18000,1000,0.7,"{'balance': 1, 'deposit_checking': 1, 'transact_saving': 1, 'amalgamate': 1, 'write_check': 1, 'go_premium': 1}",1882787,95857,31379.78,1597.62,hotspot
4,SSI,original,200,18000,1000,0.7,"{'balance': 1, 'deposit_checking': 1, 'transact_saving': 1, 'amalgamate': 1, 'write_check': 1, 'go_premium': 1}",1896543,96355,31609.05,1605.92,hotspot
0,RC,promoted,200,18000,10,0.9,"{'balance': 1, 'deposit_checking': 1, 'transact_saving': 1, 'amalgamate': 1, 'write_check': 1, 'go_premium': 1}",513668,774,8561.13,12.90,hotspot
1,RC,promoted,200,18000,10,0.9,"{'balance': 1, 'deposit_checking': 1, 'transact_saving': 1, 'amalgamate': 1, 'write_check': 1, 'go_premium': 1}",480611,814,8010.18,13.57,hotspot
2,RC,promoted,200,18000,10,0.9,"{'balance': 1, 'deposit_checking': 1, 'transact_saving': 1, 'amalgamate': 1, 'write_check': 1, 'go_premium': 1}",484038,805,8067.30,13.42,hotspot
3,RC,promoted,200,18000,10,0.9,"{'balance': 1, 'deposit_checking': 1, 'transact_saving': 1, 'amalgamate': 1, 'write_check': 1, 'go_premium': 1}",521613,742,8693.55,12.37,hotspot
4,RC,promoted,200,18000,10,0.9,"{'balance': 1, 'deposit_checking': 1, 'transact_saving': 1, 'amalgamate': 1, 'write_check': 1, 'go_premium': 1}",504112,738,8401.87,12.30,hotspot
0,SI,original,200,18000,10,0.9,"{'balance': 1, 'deposit_checking': 1, 'transact_saving': 1, 'amalgamate': 1, 'write_check': 1, 'go_premium': 1}",178229,973208,2970.48,16220.13,hotspot
1,SI,original,200,18000,10,0.9,"{'balance': 1, 'deposit_checking': 1, 'transact_saving': 1, 'amalgamate': 1, 'write_check': 1, 'go_premium': 1}",179370,974529,2989.50,16242.15,hotspot
2,SI,original,200,18000,10,0.9,"{'balance': 1, 'deposit_checking': 1, 'transact_saving': 1, 'amalgamate': 1, 'write_check': 1, 'go_premium': 1}",176041,962227,2934.02,16037.12,hotspot
3,SI,original,200,18000,10,0.9,"{'balance': 1, 'deposit_checking': 1, 'transact_saving': 1, 'amalgamate': 1, 'write_check': 1, 'go_premium': 1}",173580,934460,2893.00,15574.33,hotspot
4,SI,original,200,18000,10,0.9,"{'balance': 1, 'deposit_checking': 1, 'transact_saving': 1, 'amalgamate': 1, 'write_check': 1, 'go_premium': 1}",179178,1018147,2986.30,16969.12,hotspot
0,SSI,original,200,18000,10,0.9,"{'balance': 1, 'deposit_checking': 1, 'transact_saving': 1, 'amalgamate': 1, 'write_check': 1, 'go_premium': 1}",138826,857870,2313.77,14297.83,hotspot
1,SSI,original,200,18000,10,0.9,"{'balance': 1, 'deposit_checking': 1, 'transact_saving': 1, 'amalgamate': 1, 'write_check': 1, 'go_premium': 1}",133357,857378,2222.62,14289.63,hotspot
2,SSI,original,200,18000,10,0.9,"{'balance': 1, 'deposit_checking': 1, 'transact_saving': 1, 'amalgamate': 1, 'write_check': 1, 'go_premium': 1}",136215,835836,2270.25,13930.60,hotspot
3,SSI,original,200,18000,10,0.9,"{'balance': 1, 'deposit_checking': 1, 'transact_saving': 1, 'amalgamate': 1, 'write_check': 1, 'go_premium': 1}",130162,805221,2169.37,13420.35,hotspot
4,SSI,original,200,18000,10,0.9,"{'balance': 1, 'deposit_checking': 1, 'transact_saving': 1, 'amalgamate': 1, 'write_check': 1, 'go_premium': 1}",133012,836381,2216.87,13939.68,hotspot
0,RC,promoted,200,18000,100,0.9,"{'balance': 1, 'deposit_checking': 1, 'transact_saving': 1, 'amalgamate': 1, 'write_check': 1, 'go_premium': 1}",1883620,149,31393.67,2.48,hotspot
1,RC,promoted,200,18000,100,0.9,"{'balance': 1, 'deposit_checking': 1, 'transact_saving': 1, 'amalgamate': 1, 'write_check': 1, 'go_premium': 1}",1869785,122,31163.08,2.03,hotspot
2,RC,promoted,200,18000,100,0.9,"{'balance': 1, 'deposit_checking': 1, 'transact_saving': 1, 'amalgamate': 1, 'write_check': 1, 'go_premium': 1}",1837931,122,30632.18,2.03,hotspot
3,RC,promoted,200,18000,100,0.9,"{'balance': 1, 'deposit_checking': 1, 'transact_saving': 1, 'amalgamate': 1, 'write_check': 1, 'go_premium': 1}",1875589,153,31259.82,2.55,hotspot
4,RC,promoted,200,18000,100,0.9,"{'balance': 1, 'deposit_checking': 1, 'transact_saving': 1, 'amalgamate': 1, 'write_check': 1, 'go_premium': 1}",1867995,141,31133.25,2.35,hotspot
0,SI,original,200,18000,100,0.9,"{'balance': 1, 'deposit_checking': 1, 'transact_saving': 1, 'amalgamate': 1, 'write_check': 1, 'go_premium': 1}",906958,912772,15115.97,15212.87,hotspot
1,SI,original,200,18000,100,0.9,"{'balance': 1, 'deposit_checking': 1, 'transact_saving': 1, 'amalgamate': 1, 'write_check': 1, 'go_premium': 1}",912690,921082,15211.50,15351.37,hotspot
2,SI,original,200,18000,100,0.9,"{'balance': 1, 'deposit_checking': 1, 'transact_saving': 1, 'amalgamate': 1, 'write_check': 1, 'go_premium': 1}",896312,907754,14938.53,15129.23,hotspot
3,SI,original,200,18000,100,0.9,"{'balance': 1, 'deposit_checking': 1, 'transact_saving': 1, 'amalgamate': 1, 'write_check': 1, 'go_premium': 1}",908481,917986,15141.35,15299.77,hotspot
4,SI,original,200,18000,100,0.9,"{'balance': 1, 'deposit_checking': 1, 'transact_saving': 1, 'amalgamate': 1, 'write_check': 1, 'go_premium': 1}",928915,940897,15481.92,15681.62,hotspot
0,SSI,original,200,18000,100,0.9,"{'balance': 1, 'deposit_checking': 1, 'transact_saving': 1, 'amalgamate': 1, 'write_check': 1, 'go_premium': 1}",875584,910014,14593.07,15166.90,hotspot
1,SSI,original,200,18000,100,0.9,"{'balance': 1, 'deposit_checking': 1, 'transact_saving': 1, 'amalgamate': 1, 'write_check': 1, 'go_premium': 1}",881364,912378,14689.40,15206.30,hotspot
2,SSI,original,200,18000,100,0.9,"{'balance': 1, 'deposit_checking': 1, 'transact_saving': 1, 'amalgamate': 1, 'write_check': 1, 'go_premium': 1}",879145,908637,14652.42,15143.95,hotspot
3,SSI,original,200,18000,100,0.9,"{'balance': 1, 'deposit_checking': 1, 'transact_saving': 1, 'amalgamate': 1, 'write_check': 1, 'go_premium': 1}",889263,919072,14821.05,15317.87,hotspot
4,SSI,original,200,18000,100,0.9,"{'balance': 1, 'deposit_checking': 1, 'transact_saving': 1, 'amalgamate': 1, 'write_check': 1, 'go_premium': 1}",877186,908412,14619.77,15140.20,hotspot
0,RC,promoted,200,18000,1000,0.9,"{'balance': 1, 'deposit_checking': 1, 'transact_saving': 1, 'amalgamate': 1, 'write_check': 1, 'go_premium': 1}",1974799,0,32913.32,0.00,hotspot
1,RC,promoted,200,18000,1000,0.9,"{'balance': 1, 'deposit_checking': 1, 'transact_saving': 1, 'amalgamate': 1, 'write_check': 1, 'go_premium': 1}",2010703,0,33511.72,0.00,hotspot
2,RC,promoted,200,18000,1000,0.9,"{'balance': 1, 'deposit_checking': 1, 'transact_saving': 1, 'amalgamate': 1, 'write_check': 1, 'go_premium': 1}",2003722,0,33395.37,0.00,hotspot
3,RC,promoted,200,18000,1000,0.9,"{'balance': 1, 'deposit_checking': 1, 'transact_saving': 1, 'amalgamate': 1, 'write_check': 1, 'go_premium': 1}",2005478,1,33424.63,0.02,hotspot
4,RC,promoted,200,18000,1000,0.9,"{'balance': 1, 'deposit_checking': 1, 'transact_saving': 1, 'amalgamate': 1, 'write_check': 1, 'go_premium': 1}",2004691,2,33411.52,0.03,hotspot
0,SI,original,200,18000,1000,0.9,"{'balance': 1, 'deposit_checking': 1, 'transact_saving': 1, 'amalgamate': 1, 'write_check': 1, 'go_premium': 1}",1824770,151774,30412.83,2529.57,hotspot
1,SI,original,200,18000,1000,0.9,"{'balance': 1, 'deposit_checking': 1, 'transact_saving': 1, 'amalgamate': 1, 'write_check': 1, 'go_premium': 1}",1839885,153006,30664.75,2550.10,hotspot
2,SI,original,200,18000,1000,0.9,"{'balance': 1, 'deposit_checking': 1, 'transact_saving': 1, 'amalgamate': 1, 'write_check': 1, 'go_premium': 1}",1842880,153989,30714.67,2566.48,hotspot
3,SI,original,200,18000,1000,0.9,"{'balance': 1, 'deposit_checking': 1, 'transact_saving': 1, 'amalgamate': 1, 'write_check': 1, 'go_premium': 1}",1863997,155319,31066.62,2588.65,hotspot
4,SI,original,200,18000,1000,0.9,"{'balance': 1, 'deposit_checking': 1, 'transact_saving': 1, 'amalgamate': 1, 'write_check': 1, 'go_premium': 1}",1841934,153930,30698.90,2565.50,hotspot
0,SSI,original,200,18000,1000,0.9,"{'balance': 1, 'deposit_checking': 1, 'transact_saving': 1, 'amalgamate': 1, 'write_check': 1, 'go_premium': 1}",1836863,152173,30614.38,2536.22,hotspot
1,SSI,original,200,18000,1000,0.9,"{'balance': 1, 'deposit_checking': 1, 'transact_saving': 1, 'amalgamate': 1, 'write_check': 1, 'go_premium': 1}",1824008,152161,30400.13,2536.02,hotspot
2,SSI,original,200,18000,1000,0.9,"{'balance': 1, 'deposit_checking': 1, 'transact_saving': 1, 'amalgamate': 1, 'write_check': 1, 'go_premium': 1}",1788384,150994,29806.40,2516.57,hotspot
3,SSI,original,200,18000,1000,0.9,"{'balance': 1, 'deposit_checking': 1, 'transact_saving': 1, 'amalgamate': 1, 'write_check': 1, 'go_premium': 1}",1830826,151991,30513.77,2533.18,hotspot
4,SSI,original,200,18000,1000,0.9,"{'balance': 1, 'deposit_checking': 1, 'transact_saving': 1, 'amalgamate': 1, 'write_check': 1, 'go_premium': 1}",1846406,153806,30773.43,2563.43,hotspot
