test_id,isolation_level,implementation,num_clients,num_accounts,hotspot_size,hotspot_probability,distribution,transactions,aborts,throughput,abort_rate,distr_type
0,RC,promoted,1,18000,1000,0.9,"{'balance': 1, 'deposit_checking': 1, 'transact_saving': 1, 'amalgamate': 1, 'write_check': 1, 'go_premium': 1}",79774,0,1329.57,0.00,hotspot
1,RC,promoted,1,18000,1000,0.9,"{'balance': 1, 'deposit_checking': 1, 'transact_saving': 1, 'amalgamate': 1, 'write_check': 1, 'go_premium': 1}",82071,0,1367.85,0.00,hotspot
2,RC,promoted,1,18000,1000,0.9,"{'balance': 1, 'deposit_checking': 1, 'transact_saving': 1, 'amalgamate': 1, 'write_check': 1, 'go_premium': 1}",79951,0,1332.52,0.00,hotspot
3,RC,promoted,1,18000,1000,0.9,"{'balance': 1, 'deposit_checking': 1, 'transact_saving': 1, 'amalgamate': 1, 'write_check': 1, 'go_premium': 1}",80001,0,1333.35,0.00,hotspot
4,RC,promoted,1,18000,1000,0.9,"{'balance': 1, 'deposit_checking': 1, 'transact_saving': 1, 'amalgamate': 1, 'write_check': 1, 'go_premium': 1}",81104,0,1351.73,0.00,hotspot
0,SI,original,1,18000,1000,0.9,"{'balance': 1, 'deposit_checking': 1, 'transact_saving': 1, 'amalgamate': 1, 'write_check': 1, 'go_premium': 1}",83703,0,1395.05,0.00,hotspot
1,SI,original,1,18000,1000,0.9,"{'balance': 1, 'deposit_checking': 1, 'transact_saving': 1, 'amalgamate': 1, 'write_check': 1, 'go_premium': 1}",85022,0,1417.03,0.00,hotspot
2,SI,original,1,18000,1000,0.9,"{'balance': 1, 'deposit_checking': 1, 'transact_saving': 1, 'amalgamate': 1, 'write_check': 1, 'go_premium': 1}",87227,0,1453.78,0.00,hotspot
3,SI,original,1,18000,1000,0.9,"{'balance': 1, 'deposit_checking': 1, 'transact_saving': 1, 'amalgamate': 1, 'write_check': 1, 'go_premium': 1}",87412,0,1456.87,0.00,hotspot
4,SI,original,1,18000,1000,0.9,"{'balance': 1, 'deposit_checking': 1, 'transact_saving': 1, 'amalgamate': 1, 'write_check': 1, 'go_premium': 1}",85686,0,1428.10,0.00,hotspot
0,SSI,original,1,18000,1000,0.9,"{'balance': 1, 'deposit_checking': 1, 'transact_saving': 1, 'amalgamate': 1, 'write_check': 1, 'go_premium': 1}",84198,0,1403.30,0.00,hotspot
1,SSI,original,1,18000,1000,0.9,"{'balance': 1, 'deposit_checking': 1, 'transact_saving': 1, 'amalgamate': 1, 'write_check': 1, 'go_premium': 1}",84085,0,1401.42,0.00,hotspot
2,SSI,original,1,18000,1000,0.9,"{'balance': 1, 'deposit_checking': 1, 'transact_saving': 1, 'amalgamate': 1, 'write_check': 1, 'go_premium': 1}",82922,0,1382.03,0.00,hotspot
3,SSI,original,1,18000,1000,0.9,"{'balance': 1, 'deposit_checking': 1, 'transact_saving': 1, 'amalgamate': 1, 'write_check': 1, 'go_premium': 1}",84619,0,1410.32,0.00,hotspot
4,SSI,original,1,18000,1000,0.9,"{'balance': 1, 'deposit_checking': 1, 'transact_saving': 1, 'amalgamate': 1, 'write_check': 1, 'go_premium': 1}",84190,0,1403.17,0.00,hotspot
0,RC,promoted,10,18000,1000,0.9,"{'balance': 1, 'deposit_checking': 1, 'transact_saving': 1, 'amalgamate': 1, 'write_check': 1, 'go_premium': 1}",788724,0,13145.40,0.00,hotspot
1,RC,promoted,10,18000,1000,0.9,"{'balance': 1, 'deposit_checking': 1, 'transact_saving': 1, 'amalgamate': 1, 'write_check': 1, 'go_premium': 1}",798750,0,13312.50,0.00,hotspot
2,RC,promoted,10,18000,1000,0.9,"{'balance': 1, 'deposit_checking': 1, 'transact_saving': 1, 'amalgamate': 1, 'write_check': 1, 'go_premium': 1}",799232,0,13320.53,0.00,hotspot
3,RC,promoted,10,18000,1000,0.9,"{'balance': 1, 'deposit_checking': 1, 'transact_saving': 1, 'amalgamate': 1, 'write_check': 1, 'go_premium': 1}",788205,0,13136.75,0.00,hotspot
4,RC,promoted,10,18000,1000,0.9,"{'balance': 1, 'deposit_checking': 1, 'transact_saving': 1, 'amalgamate': 1, 'write_check': 1, 'go_premium': 1}",790098,0,13168.30,0.00,hotspot
0,SI,original,10,18000,1000,0.9,"{'balance': 1, 'deposit_checking': 1, 'transact_saving': 1, 'amalgamate': 1, 'write_check': 1, 'go_premium': 1}",830605,3516,13843.42,58.60,hotspot
1,SI,original,10,18000,1000,0.9,"{'balance': 1, 'deposit_checking': 1, 'transact_saving': 1, 'amalgamate': 1, 'write_check': 1, 'go_premium': 1}",835420,3581,13923.67,59.68,hotspot
2,SI,original,10,18000,1000,0.9,"{'balance': 1, 'deposit_checking': 1, 'transact_saving': 1, 'amalgamate': 1, 'write_check': 1, 'go_premium': 1}",832894,3480,13881.57,58.00,hotspot
3,SI,original,10,18000,1000,0.9,"{'balance': 1, 'deposit_checking': 1, 'transact_saving': 1, 'amalgamate': 1, 'write_check': 1, 'go_premium': 1}",827503,3583,13791.72,59.72,hotspot
4,SI,original,10,18000,1000,0.9,"{'balance': 1, 'deposit_checking': 1, 'transact_saving': 1, 'amalgamate': 1, 'write_check': 1, 'go_premium': 1}",829081,3562,13818.02,59.37,hotspot
0,SSI,original,10,18000,1000,0.9,"{'balance': 1, 'deposit_checking': 1, 'transact_saving': 1, 'amalgamate': 1, 'write_check': 1, 'go_premium': 1}",822200,3585,13703.33,59.75,hotspot
1,SSI,original,10,18000,1000,0.9,"{'balance': 1, 'deposit_checking': 1, 'transact_saving': 1, 'amalgamate': 1, 'write_check': 1, 'go_premium': 1}",821057,3680,13684.28,61.33,hotspot
2,SSI,original,10,18000,1000,0.9,"{'balance': 1, 'deposit_checking': 1, 'transact_saving': 1, 'amalgamate': 1, 'write_check': 1, 'go_premium': 1}",817833,3508,13630.55,58.47,hotspot
3,SSI,original,10,18000,1000,0.9,"{'balance': 1, 'deposit_checking': 1, 'transact_saving': 1, 'amalgamate': 1, 'write_check': 1, 'go_premium': 1}",822925,3519,13715.42,58.65,hotspot
4,SSI,original,10,18000,1000,0.9,"{'balance': 1, 'deposit_checking': 1, 'transact_saving': 1, 'amalgamate': 1, 'write_check': 1, 'go_premium': 1}",818724,3411,13645.40,56.85,hotspot
0,RC,promoted,25,18000,1000,0.9,"{'balance': 1, 'deposit_checking': 1, 'transact_saving': 1, 'amalgamate': 1, 'write_check': 1, 'go_premium': 1}",1335381,0,22256.35,0.00,hotspot
1,RC,promoted,25,18000,1000,0.9,"{'balance': 1, 'deposit_checking': 1, 'transact_saving': 1, 'amalgamate': 1, 'write_check': 1, 'go_premium': 1}",1314732,0,21912.20,0.00,hotspot
2,RC,promoted,25,18000,1000,0.9,"{'balance': 1, 'deposit_checking': 1, 'transact_saving': 1, 'amalgamate': 1, 'write_check': 1, 'go_premium': 1}",1356281,0,22604.68,0.00,hotspot
3,RC,promoted,25,18000,1000,0.9,"{'balance': 1, 'deposit_checking': 1, 'transact_saving': 1, 'amalgamate': 1, 'write_check': 1, 'go_premium': 1}",1376078,0,22934.63,0.00,hotspot
4,RC,promoted,25,18000,1000,0.9,"{'balance': 1, 'deposit_checking': 1, 'transact_saving': 1, 'amalgamate': 1, 'write_check': 1, 'go_premium': 1}",1329299,0,22154.98,0.00,hotspot
0,SI,original,25,18000,1000,0.9,"{'balance': 1, 'deposit_checking': 1, 'transact_saving': 1, 'amalgamate': 1, 'write_check': 1, 'go_premium': 1}",1336459,14628,22274.32,243.80,hotspot
1,SI,original,25,18000,1000,0.9,"{'balance': 1, 'deposit_checking': 1, 'transact_saving': 1, 'amalgamate': 1, 'write_check': 1, 'go_premium': 1}",1404935,15444,23415.58,257.40,hotspot
2,SI,original,25,18000,1000,0.9,"{'balance': 1, 'deposit_checking': 1, 'transact_saving': 1, 'amalgamate': 1, 'write_check': 1, 'go_premium': 1}",1399302,15381,23321.70,256.35,hotspot
3,SI,original,25,18000,1000,0.9,"{'balance': 1, 'deposit_checking': 1, 'transact_saving': 1, 'amalgamate': 1, 'write_check': 1, 'go_premium': 1}",1356685,14805,22611.42,246.75,hotspot
4,SI,original,25,18000,1000,0.9,"{'balance': 1, 'deposit_checking': 1, 'transact_saving': 1, 'amalgamate': 1, 'write_check': 1, 'go_premium': 1}",1330821,14548,22180.35,242.47,hotspot
0,SSI,original,25,18000,1000,0.9,"{'balance': 1, 'deposit_checking': 1, 'transact_saving': 1, 'amalgamate': 1, 'write_check': 1, 'go_premium': 1}",1298720,14286,21645.33,238.10,hotspot
1,SSI,original,25,18000,1000,0.9,"{'balance': 1, 'deposit_checking': 1, 'transact_saving': 1, 'amalgamate': 1, 'write_check': 1, 'go_premium': 1}",1357652,15246,22627.53,254.10,hotspot
2,SSI,original,25,18000,1000,0.9,"{'balance': 1, 'deposit_checking': 1, 'transact_saving': 1, 'amalgamate': 1, 'write_check': 1, 'go_premium': 1}",1322438,14583,22040.63,243.05,hotspot
3,SSI,original,25,18000,1000,0.9,"{'balance': 1, 'deposit_checking': 1, 'transact_saving': 1, 'amalgamate': 1, 'write_check': 1, 'go_premium': 1}",1373508,15049,22891.80,250.82,hotspot
4,SSI,original,25,18000,1000,0.9,"{'balance': 1, 'deposit_checking': 1, 'transact_saving': 1, 'amalgamate': 1, 'write_check': 1, 'go_premium': 1}",1380612,15662,23010.20,261.03,hotspot
0,RC,promoted,50,18000,1000,0.9,"{'balance': 1, 'deposit_checking': 1, 'transact_saving': 1, 'amalgamate': 1, 'write_check': 1, 'go_premium': 1}",1474521,0,24575.35,0.00,hotspot
1,RC,promoted,50,18000,1000,0.9,"{'balance': 1, 'deposit_checking': 1, 'transact_saving': 1, 'amalgamate': 1, 'write_check': 1, 'go_premium': 1}",1520838,0,25347.30,0.00,hotspot
2,RC,promoted,50,18000,1000,0.9,"{'balance': 1, 'deposit_checking': 1, 'transact_saving': 1, 'amalgamate': 1, 'write_check': 1, 'go_premium': 1}",1562258,1,26037.63,0.02,hotspot
3,RC,promoted,50,18000,1000,0.9,"{'balance': 1, 'deposit_checking': 1, 'transact_saving': 1, 'amalgamate': 1, 'write_check': 1, 'go_premium': 1}",1516765,0,25279.42,0.00,hotspot
4,RC,promoted,50,18000,1000,0.9,"{'balance': 1, 'deposit_checking': 1, 'transact_saving': 1, 'amalgamate': 1, 'write_check': 1, 'go_premium': 1}",1517804,0,25296.73,0.00,hotspot
0,SI,original,50,18000,1000,0.9,"{'balance': 1, 'deposit_checking': 1, 'transact_saving': 1, 'amalgamate': 1, 'write_check': 1, 'go_premium': 1}",1463570,31369,24392.83,522.82,hotspot
1,SI,original,50,18000,1000,0.9,"{'balance': 1, 'deposit_checking': 1, 'transact_saving': 1, 'amalgamate': 1, 'write_check': 1, 'go_premium': 1}",1477027,32146,24617.12,535.77,hotspot
2,SI,original,50,18000,1000,0.9,"{'balance': 1, 'deposit_checking': 1, 'transact_saving': 1, 'amalgamate': 1, 'write_check': 1, 'go_premium': 1}",1441556,31258,24025.93,520.97,hotspot
3,SI,original,50,18000,1000,0.9,"{'balance': 1, 'deposit_checking': 1, 'transact_saving': 1, 'amalgamate': 1, 'write_check': 1, 'go_premium': 1}",1478830,32416,24647.17,540.27,hotspot
4,SI,original,50,18000,1000,0.9,"{'balance': 1, 'deposit_checking': 1, 'transact_saving': 1, 'amalgamate': 1, 'write_check': 1, 'go_premium': 1}",1525574,33006,25426.23,550.10,hotspot
0,SSI,original,50,18000,1000,0.9,"{'balance': 1, 'deposit_checking': 1, 'transact_saving': 1, 'amalgamate': 1, 'write_check': 1, 'go_premium': 1}",1567481,34470,26124.68,574.50,hotspot
1,SSI,original,50,18000,1000,0.9,"{'balance': 1, 'deposit_checking': 1, 'transact_saving': 1, 'amalgamate': 1, 'write_check': 1, 'go_premium': 1}",1487061,32242,24784.35,537.37,hotspot
2,SSI,original,50,18000,1000,0.9,"{'balance': 1, 'deposit_checking': 1, 'transact_saving': 1, 'amalgamate': 1, 'write_check': 1, 'go_premium': 1}",1489709,32691,24828.48,544.85,hotspot
3,SSI,original,50,18000,1000,0.9,"{'balance': 1, 'deposit_checking': 1, 'transact_saving': 1, 'amalgamate': 1, 'write_check': 1, 'go_premium': 1}",1538285,33601,25638.08,560.02,hotspot
4,SSI,original,50,18000,1000,0.9,"{'balance': 1, 'deposit_checking': 1, 'transact_saving': 1, 'amalgamate': 1, 'write_check': 1, 'go_premium': 1}",1401686,31121,23361.43,518.68,hotspot
0,RC,promoted,100,18000,1000,0.9,"{'balance': 1, 'deposit_checking': 1, 'transact_saving': 1, 'amalgamate': 1, 'write_check': 1, 'go_premium': 1}",1706051,0,28434.18,0.00,hotspot
1,RC,promoted,100,18000,1000,0.9,"{'balance': 1, 'deposit_checking': 1, 'transact_saving': 1, 'amalgamate': 1, 'write_check': 1, 'go_premium': 1}",1751390,1,29189.83,0.02,hotspot
2,RC,promoted,100,18000,1000,0.9,"{'balance': 1, 'deposit_checking': 1, 'transact_saving': 1, 'amalgamate': 1, 'write_check': 1, 'go_premium': 1}",1693538,1,28225.63,0.02,hotspot
3,RC,promoted,100,18000,1000,0.9,"{'balance': 1, 'deposit_checking': 1, 'transact_saving': 1, 'amalgamate': 1, 'write_check': 1, 'go_premium': 1}",1719650,1,28660.83,0.02,hotspot
4,RC,promoted,100,18000,1000,0.9,"{'balance': 1, 'deposit_checking': 1, 'transact_saving': 1, 'amalgamate': 1, 'write_check': 1, 'go_premium': 1}",1745587,0,29093.12,0.00,hotspot
0,SI,original,100,18000,1000,0.9,"{'balance': 1, 'deposit_checking': 1, 'transact_saving': 1, 'amalgamate': 1, 'write_check': 1, 'go_premium': 1}",1657681,73492,27628.02,1224.87,hotspot
1,SI,original,100,18000,1000,0.9,"{'balance': 1, 'deposit_checking': 1, 'transact_saving': 1, 'amalgamate': 1, 'write_check': 1, 'go_premium': 1}",1654340,73297,27572.33,1221.62,hotspot
2,SI,original,100,18000,1000,0.9,"{'balance': 1, 'deposit_checking': 1, 'transact_saving': 1, 'amalgamate': 1, 'write_check': 1, 'go_premium': 1}",1743243,77471,29054.05,1291.18,hotspot
3,SI,original,100,18000,1000,0.9,"{'balance': 1, 'deposit_checking': 1, 'transact_saving': 1, 'amalgamate': 1, 'write_check': 1, 'go_premium': 1}",1659136,73620,27652.27,1227.00,hotspot
4,SI,original,100,18000,1000,0.9,"{'balance': 1, 'deposit_checking': 1, 'transact_saving': 1, 'amalgamate': 1, 'write_check': 1, 'go_premium': 1}",1694982,74307,28249.70,1238.45,hotspot
0,SSI,original,100,18000,1000,0.9,"{'balance': 1, 'deposit_checking': 1, 'transact_saving': 1, 'amalgamate': 1, 'write_check': 1, 'go_premium': 1}",1605171,70071,26752.85,1167.85,hotspot
1,SSI,original,100,18000,1000,0.9,"{'balance': 1, 'deposit_checking': 1, 'transact_saving': 1, 'amalgamate': 1, 'write_check': 1, 'go_premium': 1}",1639474,72359,27324.57,1205.98,hotspot
2,SSI,original,100,18000,1000,0.9,"{'balance': 1, 'deposit_checking': 1, 'transact_saving': 1, 'amalgamate': 1, 'write_check': 1, 'go_premium': 1}",1645606,72041,27426.77,1200.68,hotspot
3,SSI,original,100,18000,1000,0.9,"{'balance': 1, 'deposit_checking': 1, 'transact_saving': 1, 'amalgamate': 1, 'write_check': 1, 'go_premium': 1}",1653436,72657,27557.27,1210.95,hotspot
4,SSI,original,100,18000,1000,0.9,"{'balance': 1, 'deposit_checking': 1, 'transact_saving': 1, 'amalgamate': 1, 'write_check': 1, 'go_premium': 1}",1641067,71998,27351.12,1199.97,hotspot
0,RC,promoted,150,18000,1000,0.9,"{'balance': 1, 'deposit_checking': 1, 'transact_saving': 1, 'amalgamate': 1, 'write_check': 1, 'go_premium': 1}",1853237,4,30887.28,0.07,hotspot
1,RC,promoted,150,18000,1000,0.9,"{'balance': 1, 'deposit_checking': 1, 'transact_saving': 1, 'amalgamate': 1, 'write_check': 1, 'go_premium': 1}",1846305,0,30771.75,0.00,hotspot
2,RC,promoted,150,18000,1000,0.9,"{'balance': 1, 'deposit_checking': 1, 'transact_saving': 1, 'amalgamate': 1, 'write_check': 1, 'go_premium': 1}",1909200,2,31820.00,0.03,hotspot
3,RC,promoted,150,18000,1000,0.9,"{'balance': 1, 'deposit_checking': 1, 'transact_saving': 1, 'amalgamate': 1, 'write_check': 1, 'go_premium': 1}",1876037,0,31267.28,0.00,hotspot
4,RC,promoted,150,18000,1000,0.9,"{'balance': 1, 'deposit_checking': 1, 'transact_saving': 1, 'amalgamate': 1, 'write_check': 1, 'go_premium': 1}",1878336,0,31305.60,0.00,hotspot
0,SI,original,150,18000,1000,0.9,"{'balance': 1, 'deposit_checking': 1, 'transact_saving': 1, 'amalgamate': 1, 'write_check': 1, 'go_premium': 1}",1817277,122478,30287.95,2041.30,hotspot
1,SI,original,150,18000,1000,0.9,"{'balance': 1, 'deposit_checking': 1, 'transact_saving': 1, 'amalgamate': 1, 'write_check': 1, 'go_premium': 1}",1812468,121524,30207.80,2025.40,hotspot
2,SI,original,150,18000,1000,0.9,"{'balance': 1, 'deposit_checking': 1, 'transact_saving': 1, 'amalgamate': 1, 'write_check': 1, 'go_premium': 1}",1793069,120288,29884.48,2004.80,hotspot
3,SI,original,150,18000,1000,0.9,"{'balance': 1, 'deposit_checking': 1, 'transact_saving': 1, 'amalgamate': 1, 'write_check': 1, 'go_premium': 1}",1803608,120392,30060.13,2006.53,hotspot
4,SI,original,150,18000,1000,0.9,"{'balance': 1, 'deposit_checking': 1, 'transact_saving': 1, 'amalgamate': 1, 'write_check': 1, 'go_premium': 1}",1825927,122719,30432.12,2045.32,hotspot
0,SSI,original,150,18000,1000,0.9,"{'balance': 1, 'deposit_checking': 1, 'transact_saving': 1, 'amalgamate': 1, 'write_check': 1, 'go_premium': 1}",1764322,117619,29405.37,1960.32,hotspot
1,SSI,original,150,18000,1000,0.9,"{'balance': 1, 'deposit_checking': 1, 'transact_saving': 1, 'amalgamate': 1, 'write_check': 1, 'go_premium': 1}",1762834,116548,29380.57,1942.47,hotspot
2,SSI,original,150,18000,1000,0.9,"{'balance': 1, 'deposit_checking': 1, 'transact_saving': 1, 'amalgamate': 1, 'write_check': 1, 'go_premium': 1}",1736668,114872,28944.47,1914.53,hotspot
3,SSI,original,150,18000,1000,0.9,"{'balance': 1, 'deposit_checking': 1, 'transact_saving': 1, 'amalgamate': 1, 'write_check': 1, 'go_premium': 1}",1748375,114659,29139.58,1910.98,hotspot
4,SSI,original,150,18000,1000,0.9,"{'balance': 1, 'deposit_checking': 1, 'transact_saving': 1, 'amalgamate': 1, 'write_check': 1, 'go_premium': 1}",1762717,115735,29378.62,1928.92,hotspot
0,RC,promoted,200,18000,1000,0.9,"{'balance': 1, 'deposit_checking': 1, 'transact_saving': 1, 'amalgamate': 1, 'write_check': 1, 'go_premium': 1}",1962597,0,32709.95,0.00,hotspot
1,RC,promoted,200,18000,1000,0.9,"{'balance': 1, 'deposit_checking': 1, 'transact_saving': 1, 'amalgamate': 1, 'write_check': 1, 'go_premium': 1}",1904564,1,31742.73,0.02,hotspot
2,RC,promoted,200,18000,1000,0.9,"{'balance': 1, 'deposit_checking': 1, 'transact_saving': 1, 'amalgamate': 1, 'write_check': 1, 'go_premium': 1}",1960230,4,32670.50,0.07,hotspot
3,RC,promoted,200,18000,1000,0.9,"{'balance': 1, 'deposit_checking': 1, 'transact_saving': 1, 'amalgamate': 1, 'write_check': 1, 'go_premium': 1}",1979649,2,32994.15,0.03,hotspot
4,RC,promoted,200,18000,1000,0.9,"{'balance': 1, 'deposit_checking': 1, 'transact_saving': 1, 'amalgamate': 1, 'write_check': 1, 'go_premium': 1}",1942191,2,32369.85,0.03,hotspot
0,SI,original,200,18000,1000,0.9,"{'balance': 1, 'deposit_checking': 1, 'transact_saving': 1, 'amalgamate': 1, 'write_check': 1, 'go_premium': 1}",1829577,166787,30492.95,2779.78,hotspot
1,SI,original,200,18000,1000,0.9,"{'balance': 1, 'deposit_checking': 1, 'transact_saving': 1, 'amalgamate': 1, 'write_check': 1, 'go_premium': 1}",1844418,169665,30740.30,2827.75,hotspot
2,SI,original,200,18000,1000,0.9,"{'balance': 1, 'deposit_checking': 1, 'transact_saving': 1, 'amalgamate': 1, 'write_check': 1, 'go_premium': 1}",1858134,171111,30968.90,2851.85,hotspot
3,SI,original,200,18000,1000,0.9,"{'balance': 1, 'deposit_checking': 1, 'transact_saving': 1, 'amalgamate': 1, 'write_check': 1, 'go_premium': 1}",1837428,167182,30623.80,2786.37,hotspot
4,SI,original,200,18000,1000,0.9,"{'balance': 1, 'deposit_checking': 1, 'transact_saving': 1, 'amalgamate': 1, 'write_check': 1, 'go_premium': 1}",1869488,172264,31158.13,2871.07,hotspot
0,SSI,original,200,18000,1000,0.9,"{'balance': 1, 'deposit_checking': 1, 'transact_saving': 1, 'amalgamate': 1, 'write_check': 1, 'go_premium': 1}",1769053,157836,29484.22,2630.60,hotspot
1,SSI,original,200,18000,1000,0.9,"{'balance': 1, 'deposit_checking': 1, 'transact_saving': 1, 'amalgamate': 1, 'write_check': 1, 'go_premium': 1}",1776551,159865,29609.18,2664.42,hotspot
2,SSI,original,200,18000,1000,0.9,"{'balance': 1, 'deposit_checking': 1, 'transact_saving': 1, 'amalgamate': 1, 'write_check': 1, 'go_premium': 1}",1803063,158944,30051.05,2649.07,hotspot
3,SSI,original,200,18000,1000,0.9,"{'balance': 1, 'deposit_checking': 1, 'transact_saving': 1, 'amalgamate': 1, 'write_check': 1, 'go_premium': 1}",1789370,157163,29822.83,2619.38,hotspot
4,SSI,original,200,18000,1000,0.9,"{'balance': 1, 'deposit_checking': 1, 'transact_saving': 1, 'amalgamate': 1, 'write_check': 1, 'go_premium': 1}",1792582,157549,29876.37,2625.82,hotspot
