test_id,isolation_level,implementation,num_clients,init_db_config,hotspot_size,hotspot_probability,distribution,transactions,aborts,throughput,abort_rate,distribution,wh_zipf_skew
0,RC,promoted,200,"{'num_warehouses': 5, 'num_districts_per_warehouse': 10, 'num_customers_per_district': 3000, 'num_orders_per_customer': 10, 'num_items_per_warehouse': 100000}",3000,0.7,"{'new_order': 1, 'payment': 1, 'order_status': 1, 'delivery': 1, 'stock_level': 1}",549723,0,9162.05,0.00,zipfian,0.0
1,RC,promoted,200,"{'num_warehouses': 5, 'num_districts_per_warehouse': 10, 'num_customers_per_district': 3000, 'num_orders_per_customer': 10, 'num_items_per_warehouse': 100000}",3000,0.7,"{'new_order': 1, 'payment': 1, 'order_status': 1, 'delivery': 1, 'stock_level': 1}",562137,0,9368.95,0.00,zipfian,0.0
2,RC,promoted,200,"{'num_warehouses': 5, 'num_districts_per_warehouse': 10, 'num_customers_per_district': 3000, 'num_orders_per_customer': 10, 'num_items_per_warehouse': 100000}",3000,0.7,"{'new_order': 1, 'payment': 1, 'order_status': 1, 'delivery': 1, 'stock_level': 1}",559322,0,9322.03,0.00,zipfian,0.0
3,RC,promoted,200,"{'num_warehouses': 5, 'num_districts_per_warehouse': 10, 'num_customers_per_district': 3000, 'num_orders_per_customer': 10, 'num_items_per_warehouse': 100000}",3000,0.7,"{'new_order': 1, 'payment': 1, 'order_status': 1, 'delivery': 1, 'stock_level': 1}",567421,0,9457.02,0.00,zipfian,0.0
4,RC,promoted,200,"{'num_warehouses': 5, 'num_districts_per_warehouse': 10, 'num_customers_per_district': 3000, 'num_orders_per_customer': 10, 'num_items_per_warehouse': 100000}",3000,0.7,"{'new_order': 1, 'payment': 1, 'order_status': 1, 'delivery': 1, 'stock_level': 1}",571030,0,9517.17,0.00,zipfian,0.0
0,SI,original,200,"{'num_warehouses': 5, 'num_districts_per_warehouse': 10, 'num_customers_per_district': 3000, 'num_orders_per_customer': 10, 'num_items_per_warehouse': 100000}",3000,0.7,"{'new_order': 1, 'payment': 1, 'order_status': 1, 'delivery': 1, 'stock_level': 1}",338371,1885773,5639.52,31429.55,zipfian,0.0
1,SI,original,200,"{'num_warehouses': 5, 'num_districts_per_warehouse': 10, 'num_customers_per_district': 3000, 'num_orders_per_customer': 10, 'num_items_per_warehouse': 100000}",3000,0.7,"{'new_order': 1, 'payment': 1, 'order_status': 1, 'delivery': 1, 'stock_level': 1}",337568,1820131,5626.13,30335.52,zipfian,0.0
2,SI,original,200,"{'num_warehouses': 5, 'num_districts_per_warehouse': 10, 'num_customers_per_district': 3000, 'num_orders_per_customer': 10, 'num_items_per_warehouse': 100000}",3000,0.7,"{'new_order': 1, 'payment': 1, 'order_status': 1, 'delivery': 1, 'stock_level': 1}",340305,1887713,5671.75,31461.88,zipfian,0.0
3,SI,original,200,"{'num_warehouses': 5, 'num_districts_per_warehouse': 10, 'num_customers_per_district': 3000, 'num_orders_per_customer': 10, 'num_items_per_warehouse': 100000}",3000,0.7,"{'new_order': 1, 'payment': 1, 'order_status': 1, 'delivery': 1, 'stock_level': 1}",366771,2030655,6112.85,33844.25,zipfian,0.0
4,SI,original,200,"{'num_warehouses': 5, 'num_districts_per_warehouse': 10, 'num_customers_per_district': 3000, 'num_orders_per_customer': 10, 'num_items_per_warehouse': 100000}",3000,0.7,"{'new_order': 1, 'payment': 1, 'order_status': 1, 'delivery': 1, 'stock_level': 1}",343413,1912845,5723.55,31880.75,zipfian,0.0
0,SSI,original,200,"{'num_warehouses': 5, 'num_districts_per_warehouse': 10, 'num_customers_per_district': 3000, 'num_orders_per_customer': 10, 'num_items_per_warehouse': 100000}",3000,0.7,"{'new_order': 1, 'payment': 1, 'order_status': 1, 'delivery': 1, 'stock_level': 1}",312327,1669620,5205.45,27827.00,zipfian,0.0
1,SSI,original,200,"{'num_warehouses': 5, 'num_districts_per_warehouse': 10, 'num_customers_per_district': 3000, 'num_orders_per_customer': 10, 'num_items_per_warehouse': 100000}",3000,0.7,"{'new_order': 1, 'payment': 1, 'order_status': 1, 'delivery': 1, 'stock_level': 1}",317215,1683748,5286.92,28062.47,zipfian,0.0
2,SSI,original,200,"{'num_warehouses': 5, 'num_districts_per_warehouse': 10, 'num_customers_per_district': 3000, 'num_orders_per_customer': 10, 'num_items_per_warehouse': 100000}",3000,0.7,"{'new_order': 1, 'payment': 1, 'order_status': 1, 'delivery': 1, 'stock_level': 1}",323666,1681686,5394.43,28028.10,zipfian,0.0
3,SSI,original,200,"{'num_warehouses': 5, 'num_districts_per_warehouse': 10, 'num_customers_per_district': 3000, 'num_orders_per_customer': 10, 'num_items_per_warehouse': 100000}",3000,0.7,"{'new_order': 1, 'payment': 1, 'order_status': 1, 'delivery': 1, 'stock_level': 1}",315001,1672664,5250.02,27877.73,zipfian,0.0
4,SSI,original,200,"{'num_warehouses': 5, 'num_districts_per_warehouse': 10, 'num_customers_per_district': 3000, 'num_orders_per_customer': 10, 'num_items_per_warehouse': 100000}",3000,0.7,"{'new_order': 1, 'payment': 1, 'order_status': 1, 'delivery': 1, 'stock_level': 1}",316254,1667438,5270.90,27790.63,zipfian,0.0
